Country Name,1990,1991,1992,1993,1994,1995,1996,1997,1998,1999,2000,2001,2002,2003,2004,2005,2006,2007,2008,2009,2010,2011,2012,2013,2014,2015,2016,2017,2018,2019,2020
Aruba,764804469.3,872067039.1,958659217.9,1083240223,1245810056,1320670391,1379888268,1531843575,1665363128,1722905028,1873452514,1896456983,1961843575,2044111732,2254830726,2360017318,2469782682,2677641341,2843024581,2553793296,2453597207,2637859218,2615208380,2727849721,2790849721,2962907263,2983635196,3092429050,3276184358,3395798883,2558906304
Africa Eastern and Southern,2.5471E+11,2.75661E+11,2.40245E+11,2.38387E+11,2.41192E+11,2.70852E+11,2.69031E+11,2.84106E+11,2.67325E+11,2.63712E+11,2.85444E+11,2.60256E+11,2.6718E+11,3.54958E+11,4.41422E+11,5.15E+11,5.78716E+11,6.64194E+11,7.11902E+11,7.1688E+11,8.51883E+11,9.48279E+11,9.54417E+11,9.6334E+11,9.7969E+11,8.99256E+11,8.29738E+11,9.39959E+11,1.01252E+12,1.00619E+12,9.2888E+11
Afghanistan,,,,,,,,,,,,,3825701406,4520946849,5224896719,6203256497,6971758333,9747886105,10109296958,12416152648,15856668496,17805098367,19907329906,20146416876,20497128600,19134221745,18116572399,18753456507,18053222735,18799444415,19955929061
Africa Western and Central,1.21804E+11,1.27939E+11,1.22576E+11,1.27981E+11,1.33143E+11,2.05687E+11,2.61262E+11,2.74377E+11,2.9495E+11,1.37292E+11,1.40133E+11,1.47525E+11,1.76589E+11,2.04455E+11,2.53454E+11,3.10071E+11,3.96077E+11,4.65627E+11,5.67853E+11,5.08493E+11,5.98607E+11,6.82176E+11,7.3774E+11,8.34097E+11,8.94505E+11,7.69263E+11,6.92115E+11,6.8563E+11,7.68158E+11,8.23406E+11,7.86962E+11
Angola,11236275843,10401188707,8307826847,6084688936,4438321017,5538749260,6535434716,7675412601,6506381417,6152922942,9129594816,8936079251,15285592486,17812704627,23552057820,36970901024,52381025102,65266415707,88538664884,70307196474,83799473760,1.1179E+11,1.28053E+11,1.32339E+11,1.35967E+11,90496420626,52761617226,73690155047,79450688232,70897962713,48501561230
Albania,2028553750,1099559028,652174990.8,1185315468,1880950864,2392764853,3199640815,2258513974,2545964541,3212121651,3480355258,3922100794,4348068242,5611496257,7184685782,8052077248,8896075005,10677324853,12881352894,12044205550,11926926616,12890760315,12319834195,12776224497,13228147516,11386853113,11861199831,13019726212,15156424015,15401826127,15162734205
Andorra,1028989692,1106891362,1209992020,1007090270,1017544069,1178745283,1224024139,1180645572,1211953994,1239840640,1429047882,1546912332,1755989354,2361636235,2895047587,3159826892,3456264325,3952395030,4085780203,3674190066,3449925694,3629133063,3188653259,3193513470,3271686452,2789882569,2896611879,3000160415,3218418632,3155150256,2891002460
Arab World,6.51242E+11,4.80694E+11,4.85489E+11,4.99353E+11,5.31898E+11,5.64856E+11,6.15179E+11,6.6261E+11,6.49486E+11,7.17795E+11,8.20587E+11,8.03239E+11,8.0833E+11,8.94226E+11,1.06322E+12,1.30498E+12,1.54625E+12,1.79875E+12,2.26406E+12,1.98125E+12,2.33091E+12,2.5439E+12,2.77736E+12,2.83793E+12,2.87994E+12,2.52255E+12,2.47908E+12,2.55132E+12,2.8459E+12,2.87165E+12,2.53551E+12
United Arab Emirates,50701443748,51552165622,54239171888,55625170253,59305093980,65743666576,73571233996,78839008445,75674336283,84445473111,1.04337E+11,1.03312E+11,1.09816E+11,1.24346E+11,1.47824E+11,1.80617E+11,2.22117E+11,2.57916E+11,3.15475E+11,2.53547E+11,3.00189E+11,3.60833E+11,3.8461E+11,4.00219E+11,4.14105E+11,3.70275E+11,3.69255E+11,3.90517E+11,4.27049E+11,4.1799E+11,3.49473E+11
Argentina,1.41353E+11,1.8972E+11,2.28779E+11,2.36742E+11,2.5744E+11,2.58032E+11,2.7215E+11,2.92859E+11,2.98948E+11,2.83523E+11,2.84204E+11,2.68697E+11,97724004252,1.27587E+11,1.64658E+11,1.98737E+11,2.32557E+11,2.87531E+11,3.61558E+11,3.32976E+11,4.23627E+11,5.30158E+11,5.45982E+11,5.52025E+11,5.2632E+11,5.94749E+11,5.57532E+11,6.43628E+11,5.2482E+11,4.47755E+11,3.85741E+11
Armenia,2256863449,2069870130,1272835453,1201312829,1315158637,1468317435,1596968946,1639492445,1893726437,1845482173,1911563669,2118467913,2376335048,2807061009,3576615240,4900469511,6384452067,9206301270,11662040714,8647937081,9260285756,10142111825,10619320683,11121464437,11609513247,10553337518,10546136236,11527458709,12457940695,13619290539,12641698583
American Samoa,,,,,,,,,,,,,512000000,524000000,509000000,500000000,493000000,518000000,560000000,675000000,573000000,570000000,640000000,638000000,643000000,673000000,671000000,612000000,639000000,647000000,721000000
Antigua and Barbuda,459470370.4,481707407.4,499281481.5,535174074.1,589429629.6,577281481.5,633729629.6,680618518.5,727859259.3,766200000,826370370.4,800481481.5,814381481.5,856396296.3,919729629.6,1022962963,1157662963,1312759259,1370070370,1228329630,1148700000,1281337037,1327107407,1325425926,1378829630,1437755556,1489692593,1531151852,1661529630,1725351852,1410796296
Australia,3.11421E+11,3.25967E+11,3.25518E+11,3.12128E+11,3.22802E+11,3.68166E+11,4.01342E+11,4.35643E+11,3.99674E+11,3.89652E+11,4.16168E+11,3.79629E+11,3.95789E+11,4.67739E+11,6.1466E+11,6.95693E+11,7.48418E+11,8.55007E+11,1.05611E+12,9.28762E+11,1.14889E+12,1.3987E+12,1.54765E+12,1.5773E+12,1.4686E+12,1.35177E+12,1.20758E+12,1.32688E+12,1.42973E+12,1.39467E+12,1.33038E+12
Austria,1.66463E+11,1.73794E+11,1.95078E+11,1.9038E+11,2.03535E+11,2.41038E+11,2.37251E+11,2.1279E+11,2.1826E+11,2.17259E+11,1.9729E+11,1.97509E+11,2.14395E+11,2.62274E+11,3.01458E+11,3.16092E+11,3.3628E+11,3.89186E+11,4.32052E+11,4.01759E+11,3.92275E+11,4.31685E+11,4.09402E+11,4.30191E+11,4.42585E+11,3.81971E+11,3.95837E+11,4.17261E+11,4.54991E+11,4.44596E+11,4.35049E+11
Azerbaijan,8884848485,5344000000,444658671.6,1570392598,1193141110,2417331193,3176507376,3962362387,4446368571,4581248567,5272615723,5707616204,6236087738,7276413079,8680405741,13245421881,20981929498,33049419431,48851293785,44292427185,52909294792,65952796428,69679944504,74160560124,75239785452,53076235355,37866996883,40866627352,47112470052,48174235294,42693000000
Burundi,1132101253,1167398478,1083037671,938632612,925030590.2,1000428394,869033856.3,972896267.9,893770740.2,808077223.4,870486065.9,876794723.1,825394519.4,784654423.6,915257323.4,1117113080,1273375078,1356199387,1611835857,1781455140,2032135192,2235820809,2333341334,2451606632,2705783330,3104003546,2644487777,2723586963,2667182200,2576518880,2649680261
Belgium,2.05332E+11,2.10511E+11,2.34782E+11,2.24722E+11,2.44884E+11,2.88026E+11,2.79201E+11,2.52708E+11,2.58528E+11,2.58246E+11,2.36792E+11,2.36746E+11,2.58384E+11,3.18083E+11,3.69215E+11,3.85715E+11,4.0826E+11,4.70922E+11,5.17328E+11,4.83254E+11,4.81421E+11,5.2333E+11,4.96153E+11,5.21791E+11,5.3539E+11,4.62336E+11,4.76063E+11,5.02765E+11,5.43299E+11,5.35866E+11,5.26264E+11
Benin,1959965330,1986437797,1695315306,2274558083,1598075944,2169627138,2361116449,2268301646,2455092686,3677393999,3519991440,3666222635,4194342686,5349258094,6190270380,6567654954,7034111315,8169048383,9787734526,9738626517,9535345016,10693321364,11141358116,12517845124,13284527847,11388160997,11821065852,12701655846,14262408080,14390708757,15686741894
Burkina Faso,3101300779,3135045584,3356692505,3199536465,1895290637,2379517975,2586550595,2447669102,2804902367,3389566713,2968370088,3190371081,3622350063,4740768143,5451688538,6146353173,6547419820,7625722837,9451435490,9450696873,10109619741,12080295978,12561015157,13444300486,13943016077,11832159316,12833363045,14106955615,15890066221,16032813502,17725010531
Bangladesh,31598340778,30957483950,31708874594,33166519418,33768660883,37939748769,46438484108,48244309133,49984559471,51270569884,53369787319,53991289844,54724081491,60158929188,65108544250,69442943089,71819083684,79611888213,91631278239,1.02478E+11,1.15279E+11,1.28638E+11,1.33356E+11,1.49991E+11,1.72885E+11,1.95079E+11,2.65236E+11,2.93755E+11,3.21379E+11,3.51238E+11,3.73902E+11
Bulgaria,20632090909,10943548387,10350515464,10832064942,9697416974,18991484420,12294964838,11316127379,15031055047,13627325461,13245990274,14183446026,16403043850,21144957990,26157743369,29868657858,34380536496,44432811756,54480684188,52023801230,50760929303,57737040780,54288135059,55852123990,57157782910,50811995689,53964253212,59309748166,66370132238,68881010246,70368758395
Bahrain,4229787234,4616223404,4751063830,5200265957,5567553457,5849467819,6101861436,6349202394,6183776596,6621010372,9062898936,8976196809,9593510638,11074813830,13150159574,15968723404,18504760638,21730000000,25710904255,22938218085,25713271277,28776595745,30749308511,32539468085,33387712766,31050638298,32234973404,35473776596,37802005319,38653318085,34621807713
"Bahamas, The",3166000000,3111160000,3109000000,3092000000,3259000000,3429000000,3609000000,6332360000,6833220000,7683870000,8076470000,8317830000,8881160000,8870090000,9055290000,9836200000,10167250000,10618340000,10526000000,9981960000,10095760000,10070450000,10720400000,10395500000,10974800000,11672900000,11750800000,12253500000,12653600000,13058700000,9754600000
Bosnia and Herzegovina,,,,,1255802469,1866572954,2786045322,3671909673,4116774301,4686256363,5567772769,5800615466,6728220887,8498894359,10156541538,11222796337,12864841906,15778734264,19112796623,17613949091,17176315804,18644233537,17226735996,18179108531,18558733564,16404348871,17116926328,18326373366,20484053869,20482608755,20226036564
Belarus,,,9200000000,16416666667,14952100840,13970425777,14756846154,14130585516,15221352699,12138243081,12736780455,12354820144,14594900945,17825444724,23141566293,30210091837,36961894281,45275711996,60752106347,50873167326,57231904543,61762382328,65685890439,75527558966,78812805039,56454889147,47723545321,54725302250,60031173808,64410122847,61371755326
Belize,545686365.5,594975697,693625168.2,750018765.3,769649509.5,816491620.2,848205276.9,870861115.2,926550756,996906468.7,1134756761,1168127974,1240059540,1303381861,1394273991,1468145956,1584207353,1699214299,1731921564,1681473348,1739070295,1818831938,1899503250,2021757434,2125125606,2194709309,2240593543,2266664817,2292787336,2386792476,2047727810
Bermuda,1592400000,1634900000,1679900000,1820359900,1867160100,2030750000,2695390000,2932827000,3130748000,3324433000,3480219000,3680483000,3937228000,4186525000,4484703000,4868136000,6144000000,6767000000,6980000000,6656000000,6634526000,6312691000,6378188000,6465756000,6413988000,6654541000,6899911000,7142316000,7225977000,7423465000,6887147000
Bolivia,4867582598,5343262457,5643868749,5734699489,5981222859,6715161732,7396949126,7925736821,8497494652,8285064435,8397855485,8141516928,7905485146,8082399640,8773451752,9549122905,11451844902,13120108008,16674276286,17339992194,19649723722,23963164697,27084497482,30659338886,32996188017,33000198249,33941126194,37508642171,40287647931,40895322851,36629843806
Brazil,4.61952E+11,4.07338E+11,3.9059E+11,4.38302E+11,5.4623E+11,7.69333E+11,8.50426E+11,8.83206E+11,8.63711E+11,5.99642E+11,6.55448E+11,5.59984E+11,5.09795E+11,5.58234E+11,6.69289E+11,8.91634E+11,1.10763E+12,1.39711E+12,1.69586E+12,1.667E+12,2.20884E+12,2.61616E+12,2.46523E+12,2.47282E+12,2.45604E+12,1.80221E+12,1.79569E+12,2.06351E+12,1.91693E+12,1.87329E+12,1.47611E+12
Barbados,2012131457,2020583702,1957000000,2063342117,2151344901,2216974096,2363645403,2498384130,2817083478,2951822205,3059500000,3054500000,3106500000,3209500000,3444500000,3819500000,4217450000,4674000000,4785250000,4465500000,4531150000,4656400000,4613850000,4685550000,4707600000,4734000000,4843300000,4992300000,5110250000,5341100000,4738800000
Brunei Darussalam,3520487627,3701774189,4183632940,4105729021,4087220219,4734103536,5115454090,5197311972,4051142386,4600116699,6001282104,5601018684,5843368268,6557397070,7872202803,9531420028,11470464771,12247677994,14393434225,10732595016,13707280260,18525128526,19048443341,18094321617,17097802753,12930291488,11400466356,12128183904,13566937674,13469235365,12005799654
Bhutan,287765007.1,240294286,240233531.2,225973692.8,258954708,290490983.8,303408345.6,352229076.7,363458380.9,399311199.5,424448931,461479581.8,520846133.5,603999374.5,682577068.5,796938572,874989741.1,1168307584,1227809270,1234015133,1547990912,1777102573,1781280182,1756214316,1907090376,2003596839,2158971711,2591358114,2583335724,2735683409,2457604043
Botswana,3790636324,3942876703,4146464587,4160129175,4259259604,4730599122,4847757218,5020265627,4790481509,5484263347,5788329609,5489608300,5438863983,7511582173,8957467707,9918907108,9919158482,10567270656,10730829116,10118459242,12637273429,15110643612,13907464500,14271738933,15470088501,13530748845,15082636723,16105156376,17031943186,16725908667,14960291541
Central African Republic,1440711459,1377374987,1411917553,1278781262,851174356.8,1115389674,1007791127,937741513,967338389.7,999477510.7,916777282.7,932648604.8,996068144.9,1142315523,1272360517,1337894379,1461859762,1699811295,1993407888,2067381665,2142591540,2437982705,2510126512,1691544110,1894813389,1695825714,1825018145,2072349973,2220979146,2221301351,2326720900
Canada,5.96076E+11,6.12528E+11,5.94387E+11,5.79054E+11,5.79944E+11,6.05961E+11,6.30608E+11,6.54987E+11,6.34E+11,6.78412E+11,7.44773E+11,7.38982E+11,7.60649E+11,8.95541E+11,1.02669E+12,1.17311E+12,1.31926E+12,1.46882E+12,1.55299E+12,1.37463E+12,1.61734E+12,1.79333E+12,1.82837E+12,1.8466E+12,1.80575E+12,1.55651E+12,1.52799E+12,1.64927E+12,1.72533E+12,1.74373E+12,1.65568E+12
Central Europe and the Baltics,2.55343E+11,2.4259E+11,2.60007E+11,2.74156E+11,3.10993E+11,3.93418E+11,4.16195E+11,4.10169E+11,4.48895E+11,4.35065E+11,4.28598E+11,4.68615E+11,5.28074E+11,6.34393E+11,7.63091E+11,8.86072E+11,1.00164E+12,1.26556E+12,1.53071E+12,1.28985E+12,1.31653E+12,1.4547E+12,1.359E+12,1.41746E+12,1.46368E+12,1.29347E+12,1.31659E+12,1.46131E+12,1.64863E+12,1.67421E+12,1.66533E+12
Switzerland,2.65764E+11,2.68902E+11,2.79921E+11,2.72238E+11,3.01375E+11,3.52836E+11,3.40104E+11,2.94788E+11,3.03459E+11,2.97874E+11,2.79216E+11,2.86583E+11,3.09301E+11,3.62075E+11,4.03913E+11,4.18285E+11,4.41635E+11,4.90741E+11,5.67268E+11,5.54213E+11,5.98851E+11,7.15888E+11,6.8642E+11,7.06235E+11,7.26538E+11,6.94118E+11,6.87895E+11,6.95201E+11,7.25569E+11,7.21369E+11,7.41999E+11
Channel Islands,,,,,,,,,5945677377,6262740657,6439703435,6232906290,6663669065,7332244898,8553643354,8827272727,9676172953,11514605842,,,,,,,,,9511207129,9530244530,10422948632,10381669645,9811538462
Chile,33137824753,37846188181,45949608605,49287378588,56998601233,73444831587,78584098983,85741415248,81990010726,75578685736,78339750717,71574739559,70264045960,76492579644,99075985722,1.22294E+11,1.53844E+11,1.72491E+11,1.79895E+11,1.71778E+11,2.17051E+11,2.51383E+11,2.67025E+11,2.77395E+11,2.59561E+11,2.4245E+11,2.49345E+11,2.76154E+11,2.95858E+11,2.78599E+11,2.54258E+11
China,3.94566E+11,4.13375E+11,4.93137E+11,6.19112E+11,5.64322E+11,7.34485E+11,8.63749E+11,9.61602E+11,1.02906E+12,1.09401E+12,1.21133E+12,1.3394E+12,1.47056E+12,1.66028E+12,1.95535E+12,2.28596E+12,2.75212E+12,3.55033E+12,4.59434E+12,5.10169E+12,6.08719E+12,7.55155E+12,8.53219E+12,9.57047E+12,1.04756E+13,1.10616E+13,1.12333E+13,1.23105E+13,1.38949E+13,1.428E+13,1.46877E+13
Cote d'Ivoire,10795850585,10492628588,11152971284,11045760269,8313557515,11000146269,18071152821,18047558027,19619654770,18870992456,16577533891,16810537038,18054383334,21251754334,23510575668,24036918719,25281413268,28760090924,34078240260,33886813226,34936307965,36693710823,36302302845,42760235498,48843005626,45815005171,48407761032,52512344034,58522477745,59898479821,62982768372
Cameroon,12314482628,11840192296,12071775335,16181814713,8902446252,10864772471,11093538846,10789458433,11298144990,11565826465,10566579295,10953485349,12417251333,15970315035,18826214136,19509852207,20910512975,23928250433,27715142033,27932970317,27507501821,30630910495,30155062329,33728621180,36386544706,32210233020,33814337044,36098547033,39973842087,39670976453,40773241177
"Congo, Dem. Rep.",9329305478,,8850000000,10768000000,5820475672,5643416613,5771456952,6090838693,6217805821,4711259427,19088046306,7438189100,8728038525,8937567060,10297483481,11964484466,14451901696,16737071816,19788515590,18648372553,21565721045,25839749199,29306235285,32679745048,35909040926,37917706497,37134801555,38019264795,47568210010,51775829877,48716961860
"Congo, Rep.",2798746050,2724853506,2933222703,2684323623,1769365438,2116003868,2540697539,2322719103,1949481379,2354772960,3227927698,2796704604,3034250924,3503723088,4656974940,6650001680,8072305029,8782703437,11649857673,9723299915,13148396212,15655383577,17692911296,17958720699,17919224180,12434829581,10931247265,11834406801,14773806078,13976661498,11468608530
Colombia,47844090710,49637993949,58394443378,66474101301,81705497617,92495970511,97153389011,1.06656E+11,98486358581,86278947637,99875074951,98200641203,97945812803,94644969157,1.17092E+11,1.45601E+11,1.61793E+11,2.0623E+11,2.42504E+11,2.32469E+11,2.86499E+11,3.34966E+11,3.70691E+11,3.82094E+11,3.81241E+11,2.93492E+11,2.8272E+11,3.11867E+11,3.34198E+11,3.23032E+11,2.70151E+11
Comoros,429622177.7,424108769.5,457388651.5,452881475.1,319189184.3,398461797,396053805.9,364445600.5,370106745.9,382454989.9,351136579.6,378512024.1,425964681,546885222.7,633706110.8,653845169.2,698431793.9,795673153.2,915659107.8,905341174,907978731.7,1023086273,1015843491,1116224107,1149587660,966029599.8,1012835493,1077439756,1188797450,1195019531,1225039196
Cabo Verde,306890962.6,319827058.6,357160985.3,490417389.7,406580652.3,487148993.5,501979269.8,490608657.9,521910560.5,592416703.1,539227277.6,563090490.4,620507387.5,813260468.9,924940011.8,972241676.9,1107571458,1649621739,1959620648,1852334575,1824751468,2046817987,1913081210,2028910915,2041930125,1749857620,1849789986,1996741540,2205099507,2252177124,1821565614
Costa Rica,5711687787,7196276092,8564041916,9582868487,10486787008,11578594260,11678424507,12614602382,13684255947,14254866281,15013629659,15976174337,16578820687,17271760507,18610594846,20040642477,22715540325,26884700345,30801744882,30745714313,37658614804,42762613700,47231655431,50949668841,52016408952,56441920821,58847019610,60516044657,62420164992,64417670521,62395610760
Caribbean small states,18145262491,18028768359,17750479193,19223181126,20203342208,22268849584,24288307617,28419094414,30366582091,32208819362,34552588846,35580943998,37331464588,39893014716,43630425959,49313767403,56077496593,62332145606,70784637902,59841390196,64940854448,70216293657,74185116568,75356800317,77059089419,75749012502,71240254844,73779107435,76540797384,77253744415,65860096130
Cuba,28645436569,24316556026,22085858243,22367254865,28448326757,30429803651,25017368700,25365908100,25736331200,28364615200,30565400000,31682400000,33590500000,35901200000,38203000000,42643836100,48835925926,54262870370,56302129630,57481481481,59562962963,68990000000,73141000000,77148000000,80656100000,87132800000,91370407864,96850649692,1.0005E+11,1.03428E+11,1.07352E+11
Curacao,,,,,,,,,,,,,,,,,,,,,,2930092237,3012836257,3033568606,3059406995,3058779212,3024690188,3033433248,3046364820,3026124116,2534327592
Cayman Islands,,,,,,,,,,,,,,,,,4200288241,4466278065,4585949024,4281714567,4156841107,4186073104,4291004524,4405796023,4562853611,4708167233,4909322237,5166281305,5530178441,5941896608,5647224989
Cyprus,5591130218,5770197348,6912150456,6590291048,7425703929,9933133247,10011918444,9547818700,10248617647,10497908306,9985844486,10397897086,11420227885,14547325028,17320552500,18433411267,20072786351,23968764030,27844698989,25945391775,25732125694,27564931919,24977293926,23899444183,23155988617,19842492367,20952955488,22870678689,25523485043,25947027570,25227201184
Czechia,40728950705,29859921159,34805013230,40866748705,47850203856,60147174077,67387788633,62180159376,66807429711,65173130995,61828166496,67808032980,82196001051,1.0009E+11,1.19814E+11,1.37143E+11,1.56264E+11,1.90184E+11,2.36816E+11,2.07434E+11,2.0907E+11,2.29563E+11,2.08858E+11,2.11686E+11,2.09359E+11,1.88033E+11,1.96272E+11,2.18629E+11,2.49001E+11,2.52548E+11,2.45975E+11
Germany,1.77167E+12,1.86895E+12,2.13157E+12,2.07132E+12,2.20507E+12,2.58579E+12,2.49724E+12,2.21199E+12,2.23899E+12,2.19495E+12,1.94798E+12,1.94579E+12,2.07848E+12,2.50164E+12,2.81435E+12,2.84686E+12,2.9947E+12,3.42558E+12,3.74526E+12,3.41126E+12,3.39967E+12,3.74931E+12,3.52714E+12,3.7338E+12,3.88909E+12,3.35759E+12,3.46985E+12,3.69085E+12,3.97444E+12,3.88918E+12,3.88773E+12
Djibouti,452328087.3,462421998.5,478058304.9,466048469.2,491689220.7,497723960.6,494004647.7,502675542,514267869.3,536080148.1,551230861.9,572417440.8,591122039.6,622044665.5,666072101.8,708633194.7,768873684,847918929.1,999105339.3,1049110685,1128611700,1239144502,1353632942,2042817163,2214679081,2424391785,2604955229,2762581334,2913466732,3088853639,3185150981
Dominica,201429629.6,219762963,234059259.3,245525925.9,264374074.1,274522222.2,292285185.2,302988888.9,322411111.1,331759259.3,333470370.4,340203703.7,333196296.3,343311111.1,367200000,364255555.6,390251851.9,421374074.1,458188888.9,489074074.1,493825925.9,501025925.9,485996296.3,498296296.3,520429629.6,540737037,576229629.6,521551851.9,554770370.4,611537037,504214814.8
Denmark,1.38247E+11,1.39225E+11,1.52916E+11,1.43196E+11,1.56162E+11,1.85007E+11,1.87632E+11,1.73538E+11,1.76992E+11,1.77965E+11,1.64159E+11,1.64791E+11,1.78635E+11,2.18096E+11,2.51373E+11,2.64467E+11,2.82885E+11,3.19423E+11,3.53361E+11,3.21241E+11,3.21995E+11,3.44003E+11,3.27149E+11,3.43584E+11,3.52994E+11,3.02673E+11,3.13116E+11,3.32121E+11,3.56841E+11,3.46499E+11,3.54763E+11
Dominican Republic,7073675545,9824483340,11605382504,13081042400,14644734599,16637370839,18241622548,20017450041,21672215547,22136579397,24305780629,25601823688,27137440786,21403167848,22322387382,35777560684,37879830084,43965458509,48122601530,48261078914,53860187258,58029773599,60681535653,62682159338,67179955677,71164826837,75704647878,79998046306,85555390139,88941372558,78844656298
Algeria,62048507531,45715676428,48003133347,49945584453,42543176829,41764291672,46941554225,48177612042,48187781984,48640671735,54790398570,54744697926,56760355865,67863850334,85332581189,1.03198E+11,1.17027E+11,1.34977E+11,1.71001E+11,1.37211E+11,1.61207E+11,2.00013E+11,2.09059E+11,2.09755E+11,2.1381E+11,1.65979E+11,1.60034E+11,1.70097E+11,1.74911E+11,1.7176E+11,1.45744E+11
East Asia & Pacific (excluding high income),7.00807E+11,7.53373E+11,8.77362E+11,1.0653E+12,1.07194E+12,1.32215E+12,1.51846E+12,1.57074E+12,1.43329E+12,1.57816E+12,1.73628E+12,1.84727E+12,2.04452E+12,2.31401E+12,2.6831E+12,3.10788E+12,3.74296E+12,4.73197E+12,5.98729E+12,6.49144E+12,7.90072E+12,9.65087E+12,1.07601E+13,1.18703E+13,1.28003E+13,1.33236E+13,1.36148E+13,1.48814E+13,1.66406E+13,1.72135E+13,1.74876E+13
Early-demographic dividend,1.86538E+12,1.97574E+12,2.17336E+12,2.42318E+12,2.54916E+12,2.58998E+12,2.8146E+12,3.00703E+12,2.97562E+12,3.14656E+12,3.4401E+12,3.41428E+12,3.32159E+12,3.69265E+12,4.29262E+12,4.9985E+12,5.7118E+12,6.75795E+12,7.61677E+12,7.3324E+12,8.88403E+12,9.79563E+12,1.02437E+13,1.03852E+13,1.07402E+13,1.02168E+13,1.05178E+13,1.1373E+13,1.15043E+13,1.17431E+13,1.09415E+13
East Asia & Pacific,4.82514E+12,5.44289E+12,5.98332E+12,6.79413E+12,7.40446E+12,8.4077E+12,8.10152E+12,7.74379E+12,6.93165E+12,7.7435E+12,8.37735E+12,7.78951E+12,7.91276E+12,8.70221E+12,9.75843E+12,1.04113E+13,1.10348E+13,1.23312E+13,1.42201E+13,1.46306E+13,1.7078E+13,1.97969E+13,2.11742E+13,2.14113E+13,2.20896E+13,2.19953E+13,2.27758E+13,2.43291E+13,2.64878E+13,2.70327E+13,2.71552E+13
Europe & Central Asia (excluding high income),8.79068E+11,8.59565E+11,7.91014E+11,7.85266E+11,6.74046E+11,7.21537E+11,7.29342E+11,7.61417E+11,7.0549E+11,5.91798E+11,6.62866E+11,6.55068E+11,7.50708E+11,9.47224E+11,1.25602E+12,1.58962E+12,1.95011E+12,2.50947E+12,3.11039E+12,2.43781E+12,2.95312E+12,3.67009E+12,3.91468E+12,4.15028E+12,3.84577E+12,2.92167E+12,2.77784E+12,3.11839E+12,3.18338E+12,3.2506E+12,2.99161E+12
Europe & Central Asia,8.84442E+12,9.12955E+12,9.79352E+12,9.00296E+12,9.41276E+12,1.08691E+13,1.1094E+13,1.0522E+13,1.07947E+13,1.06764E+13,1.00659E+13,1.01683E+13,1.11343E+13,1.35346E+13,1.57755E+13,1.67809E+13,1.81677E+13,2.12277E+13,2.33633E+13,2.0545E+13,2.10162E+13,2.33055E+13,2.24532E+13,2.34545E+13,2.37838E+13,2.0481E+13,2.04084E+13,2.16527E+13,2.31885E+13,2.29079E+13,2.21566E+13
Ecuador,15239272612,16988535268,18094238119,18938717359,22708673337,24432884442,25226393197,28162053027,27981896948,19645272636,18327764882,24468324000,28548945000,32432858000,36591661000,41507085000,46802044000,51007777000,61762635000,62519686000,69555367000,79276664000,87924544000,95129659000,1.01726E+11,99290381000,99937696000,1.04296E+11,1.07562E+11,1.08108E+11,99291124000
"Egypt, Arab Rep.",42978914311,37387836491,41855986519,46578631453,51897983393,60159245060,67629716981,78436578171,84828807556,90710704807,99838543960,96684636119,85146067416,80288461538,78782467532,89600665557,1.07426E+11,1.30438E+11,1.62818E+11,1.89147E+11,2.18984E+11,2.3599E+11,2.79117E+11,2.88434E+11,3.05595E+11,3.29367E+11,3.32442E+11,2.48363E+11,2.62589E+11,3.18679E+11,3.83818E+11
Euro area,5.89851E+12,6.13265E+12,6.76606E+12,6.19118E+12,6.53537E+12,7.53823E+12,7.62851E+12,6.97636E+12,7.1751E+12,7.13998E+12,6.51763E+12,6.61938E+12,7.22669E+12,8.89754E+12,1.02022E+13,1.05686E+13,1.12336E+13,1.29384E+13,1.42268E+13,1.30006E+13,1.27005E+13,1.37007E+13,1.26956E+13,1.32555E+13,1.35699E+13,1.17269E+13,1.20256E+13,1.27366E+13,1.37607E+13,1.34805E+13,1.3155E+13
Eritrea,,,477101651.6,467872714.8,531688311.7,578015625,693535954.2,686490090.1,745523074.7,688918509,706370815.6,752371683.2,729321671.4,870248293.7,1109054005,1098424709,1211161880,1317974491,1380188800,1856695551,1589515447,2065001626,,,,,,,,,
Spain,5.36559E+11,5.77166E+11,6.30916E+11,5.25076E+11,5.30563E+11,6.14609E+11,6.42589E+11,5.90077E+11,6.19215E+11,6.34908E+11,5.98363E+11,6.2783E+11,7.08757E+11,9.07492E+11,1.06906E+12,1.15372E+12,1.2604E+12,1.474E+12,1.63186E+12,1.49147E+12,1.42211E+12,1.48071E+12,1.32475E+12,1.35558E+12,1.37182E+12,1.19616E+12,1.23355E+12,1.31325E+12,1.4217E+12,1.39432E+12,1.27813E+12
Estonia,,,,,,4502970889,4786018988,5154420649,5674080543,5756912266,5686579748,6254649539,7367975888,9874013098,12145911801,14106790200,17022870405,22449129483,24341678629,19633031398,19523477326,23213994093,23019150071,25115753366,26634083965,22890762090,24072829277,26924385103,30624720196,31081901909,31370395573
Ethiopia,12175166763,13463868357,10492993078,8830712714,6927950565,7663984568,8547939731,8589233860,7818205593,7700833482,8242349618,8231326016,7850809498,8623691300,10131187261,12401139454,15280861835,19707616773,27066912635,32437389116,29933790334,31952763089,43310721414,47648276605,55612228234,64589328551,74296745208,81770886826,84269196626,95912607722,1.07658E+11
European Union,6.49776E+12,6.73592E+12,7.40635E+12,6.76116E+12,7.16193E+12,8.29583E+12,8.43135E+12,7.73377E+12,7.96983E+12,7.92588E+12,7.27639E+12,7.39361E+12,8.08352E+12,9.93213E+12,1.14189E+13,1.19101E+13,1.27126E+13,1.47275E+13,1.62954E+13,1.47627E+13,1.4556E+13,1.5765E+13,1.46415E+13,1.52947E+13,1.56512E+13,1.35537E+13,1.38885E+13,1.47655E+13,1.5981E+13,1.56934E+13,1.53812E+13
Fragile and conflict affected situations,5.60686E+11,4.00468E+11,3.64574E+11,3.7344E+11,3.87436E+11,4.70664E+11,5.1352E+11,5.73428E+11,5.8991E+11,4.55617E+11,5.28335E+11,5.25133E+11,5.16369E+11,5.43451E+11,6.83123E+11,8.5848E+11,1.06429E+12,1.29743E+12,1.64644E+12,1.51473E+12,1.78771E+12,1.66637E+12,1.86331E+12,1.93546E+12,2.0536E+12,1.61727E+12,1.49026E+12,1.54954E+12,1.73511E+12,1.83874E+12,1.66656E+12
Finland,1.41438E+11,1.27774E+11,1.12533E+11,89214114708,1.033E+11,1.3419E+11,1.32129E+11,1.26912E+11,1.34039E+11,1.35264E+11,1.2602E+11,1.29533E+11,1.40404E+11,1.71652E+11,1.97479E+11,2.04885E+11,2.17089E+11,2.56378E+11,2.85716E+11,2.53498E+11,2.49424E+11,2.75604E+11,2.5829E+11,2.71362E+11,2.74863E+11,2.34534E+11,2.40771E+11,2.55648E+11,2.75708E+11,2.68515E+11,2.71886E+11
Fiji,1337017559,1383883250,1532411039,1636101247,1825732093,1970301486,2128696644,2090221137,1653146717,1936459986,1678219508,1652462023,1833279985,2300492465,2708078477,2980403845,3076305453,3378314600,3523185920,2870624636,3140166713,3779411899,3972028104,4189967999,4857104791,4682479912,4930213634,5353469171,5581425325,5444407214,4432466237
France,1.26918E+12,1.26928E+12,1.40147E+12,1.32282E+12,1.39398E+12,1.60109E+12,1.60568E+12,1.45288E+12,1.50311E+12,1.49315E+12,1.36564E+12,1.37766E+12,1.50141E+12,1.84454E+12,2.11963E+12,2.19695E+12,2.32054E+12,2.66059E+12,2.9303E+12,2.70089E+12,2.64519E+12,2.86516E+12,2.68367E+12,2.81188E+12,2.85596E+12,2.43919E+12,2.47296E+12,2.59515E+12,2.79096E+12,2.72887E+12,2.64742E+12
Faroe Islands,960805408.9,909253214.8,912670413.3,760957189.8,758739178.6,901404709.8,989536914.7,933763083.4,1104744235,1127684827,1067109531,1160268212,1275093689,1501941581,1724770771,1759739599,2017680835,2339015313,2489873250,2296065170,2331796784,2505740669,2427200389,2690110521,2914012679,2573905971,2813278869,2980057378,3188600927,3266432734,3262045883
"Micronesia, Fed. Sts.",147200000,166200000,178100000,198400000,202500000,221575300,218534700,206626300,218873100,220140500,233271800,240970900,242517200,245432900,240236000,250281900,253541900,256787200,263145100,280284600,296944100,311301600,327248700,317214400,319271200,316489900,332265200,366666800,401932300,416000000,408000000
Gabon,5952293765,5402919785,5592390827,4378645081,4190819344,4958845648,5694040003,5326817115,4483417310,4662992036,5080483629,5023265413,5335451100,6511903365,7770219008,9582783991,10327598306,12455409587,15571348344,12113699068,14372593020,18210307744,17170464016,17595744798,18203966896,14383107763,14023890265,14929487485,16867326402,16874405465,15314577155
United Kingdom,1.09317E+12,1.1428E+12,1.17966E+12,1.06139E+12,1.14049E+12,1.34424E+12,1.41965E+12,1.56091E+12,1.65369E+12,1.68783E+12,1.66553E+12,1.64983E+12,1.78573E+12,2.05442E+12,2.42153E+12,2.54318E+12,2.70844E+12,3.09051E+12,2.92941E+12,2.41284E+12,2.48548E+12,2.66381E+12,2.70709E+12,2.78485E+12,3.06471E+12,2.92791E+12,2.68911E+12,2.68015E+12,2.87134E+12,2.85141E+12,2.69781E+12
Georgia,7500000000,6400000000,3730000000,2701301483,2514070772,2693768413,3095047604,3510520231,3613497317,2800025883,3057475335,3219462262,3395766678,3991377904,5125365192,6410912050,7745250734,10172931089,12795145131,10766920066,12243217071,15107486236,16488822461,17190068236,17627332900,14953673796,15141598623,16242645072,17596922470,17470436259,15842922533
Ghana,5889106573,6603185268,6416103926,5968922939,5446383727,6464382808,6932991739,6891443192,7482069162,7718109982,4982850662,5314872854,6166197848,7632723556,8881417907,10744568381,20885037597,24827339138,28679383241,26048720006,32197655567,39336668081,41271701061,62824629066,54783320577,49406009812,56164928691,60405920072,67298913752,68337974418,70043095504
Gibraltar,,,,,,,,,,,,,,,,,,,,,,,,,,,,,,,
Guinea,2666750819,3015058207,3284620423,3279096493,3383092769,3693710533,3868968367,3783700462,3588375622,3461282461,2995361111,2829435909,2950198724,3446441785,3635458214,2937071741,4220019243,6281917650,6964179188,6716904517,6853467832,6785137216,7638045226,8376613881,8778473643,8794202394,8595955600,10324668271,11857030367,13442861496,14177835841
"Gambia, The",317083695.5,690311080.5,714254256.1,755040974.1,746493951.9,785999864.8,848239446.2,803633342.5,840285264.6,814724032.1,782913871.8,687410645.1,578235309.3,487038685,961900651.4,1027701068,1054112488,1279703047,1561766956,1450142509,1543294927,1409693597,1415004738,1375609453,1229461721,1378176609,1484578886,1504909463,1670671328,1813609692,1812170891
Guinea-Bissau,243961995.5,257150374.1,226313443.7,236880821.7,235620043.5,253966922.3,270419779.4,268551010.9,206457553.4,224446663.8,371095522,392621389.5,417806651.1,477458577.2,532062894.8,587029096,592365659.8,696910784,868154627.9,830126428.8,849878489.1,1099818592,989271155.1,1046087367,1054915581,1048229633,1179004911,1350177012,1504630234,1439638411,1431758232
Equatorial Guinea,112119411.5,110906028.5,134707183.8,136047906.2,100807002.5,141853360.9,232463022.8,442337870.7,370687634.4,621117885.7,1045998496,1461139022,1806742742,2484745935,4410764339,8217369093,10086528699,13071718759,19749893536,15027795173,16314443436,21357343669,22388344144,21948834284,21765453082,13185496881,11240808847,12200913888,13097012124,11364133546,9893816016
Greece,97891092003,1.05143E+11,1.16225E+11,1.08809E+11,1.16602E+11,1.36878E+11,1.45862E+11,1.43158E+11,1.44428E+11,1.42589E+11,1.30458E+11,1.36309E+11,1.54564E+11,2.0237E+11,2.40964E+11,2.47875E+11,2.73547E+11,3.18903E+11,3.55909E+11,3.31309E+11,2.97125E+11,2.82996E+11,2.42029E+11,2.38908E+11,2.35458E+11,1.95684E+11,1.93148E+11,1.99844E+11,2.12049E+11,2.05253E+11,1.8848E+11
Grenada,278098763,300757888.9,310160444.4,309812185.2,325111814.8,342172518.5,366911444.4,392190592.6,445903592.6,482009370.4,520044370.4,520444185.2,540336925.9,591018407.4,599118592.6,695555555.6,698700666.7,758683592.6,825976037,771275555.6,771014814.8,778655555.6,799881481.5,842618518.5,911496296.3,997007407.4,1061640741,1125685185,1166514815,1213485185,1043411111
Greenland,1018977280,1016500069,1037916163,927214151.8,1005887539,1208953287,1197515569,1072154434,1149858070,1131555107,1068025016,1086170704,1169136716,1558759823,1822499769,1849802648,2013106930,2249811296,2499092314,2529963903,2503167187,2684461375,2609678486,2684946990,2842065708,2499113023,2707139544,2851613679,3055782146,2997309972,3082884653
Guatemala,7650196845,9406135143,10440781588,11400017301,12983233311,14655404433,15674835615,17790026222,19395491993,18318412251,19288929030,18405220247,20444205991,21576351799,23577298095,26783389294,29744246827,33567850824,38503720224,37126148265,40676578423,46876006272,49593929487,52996446269,57852153059,62186064719,66053403469,71653754066,73328365862,77172317259,77715183063
Guam,,,,,,,,,,,,,3394000000,3569000000,3869000000,4213000000,4238000000,4397000000,4658000000,4828000000,4949000000,4984000000,5265000000,5399000000,5610000000,5799000000,5901000000,6013000000,6056000000,6366000000,5886000000
Guyana,396582263.3,348533094.8,373573141.5,454101382.5,540874934.2,621626785.9,705406001.4,749138009.6,717530683.2,694754988.3,712667896.7,712167450.2,726131434.7,743063950.3,787814379.2,824880550.3,2379817991,2730971595,3025187433,3165663153,3432912517,3691384318,4063088536,4167800936,4127660158,4279840194,4482697337,4748174334,4787637006,5173760192,5471256595
High income,1.90386E+13,2.01412E+13,2.16676E+13,2.18451E+13,2.34255E+13,2.60143E+13,2.62385E+13,2.57908E+13,2.58872E+13,2.71935E+13,2.77637E+13,2.74902E+13,2.86608E+13,3.21234E+13,3.57703E+13,3.78298E+13,3.99615E+13,4.37542E+13,4.66225E+13,4.36653E+13,4.57643E+13,4.94209E+13,4.94469E+13,5.00535E+13,5.11357E+13,4.82692E+13,4.92963E+13,5.15683E+13,5.48368E+13,5.53131E+13,5.39622E+13
"Hong Kong SAR, China",76928784621,88959997900,1.04273E+11,1.20354E+11,1.35812E+11,1.44652E+11,1.59718E+11,1.77353E+11,1.68885E+11,1.65768E+11,1.71669E+11,1.69404E+11,1.66349E+11,1.61386E+11,1.691E+11,1.81569E+11,1.93535E+11,2.11597E+11,2.19279E+11,2.14048E+11,2.28639E+11,2.48514E+11,2.62629E+11,2.75697E+11,2.9146E+11,3.09386E+11,3.2086E+11,3.41273E+11,3.61731E+11,3.63075E+11,3.44943E+11
Honduras,4923009552,4648668479,4943700431,4926728933,4642280682,5347445005,5215028986,5737099650,6366340266,6414520530,7186638029,7651162302,7858255413,8230391347,8869299234,9757012697,10917477066,12361257681,13881731876,14587496229,15839344592,17710275685,18528554398,18499729215,19756533972,20979791685,21717604952,23136247991,24067750760,25089937022,23827859227
Heavily indebted poor countries (HIPC),1.64071E+11,1.78903E+11,1.33513E+11,1.38023E+11,1.16901E+11,1.36433E+11,1.48255E+11,1.54571E+11,1.63103E+11,1.63902E+11,1.77663E+11,1.72678E+11,1.86825E+11,2.11469E+11,2.43412E+11,2.79302E+11,3.2988E+11,3.95503E+11,4.70557E+11,4.6995E+11,5.1083E+11,5.66141E+11,5.84993E+11,6.55793E+11,6.94265E+11,6.67199E+11,6.74447E+11,7.24638E+11,7.74574E+11,8.02981E+11,8.11639E+11
Croatia,,,,,,22778297036,24147533302,24172615104,25885224259,23770159784,22128719418,23063323723,26757255952,35254833028,41855265955,45025332740,49601608069,59319172947,68519137406,62085753436,58819429750,62736258335,57354547991,59491066218,59342363989,50857353544,52512987756,56061675144,61481309636,61470295888,57760024674
Haiti,3096289800,3473562850,2257129874,1878253818,2167569095,2813313279,2907517543,3338949152,3723903724,4153725967,6813565983,6331970413,6205847137,5071947798,6087360735,7030149791,7638739124,9228637766,10432962725,11597002930,11859312627,13008746039,13708925403,14902488489,15146883647,14849629408,14069277533,15093357143,16403864522,15016090930,14508222518
Hungary,,34753569693,38730585922,40124916941,43166678735,46425677734,46658755152,47296952929,48706787306,49073380174,47218405892,53749989092,67608919144,85285062818,1.04121E+11,1.13211E+11,1.15716E+11,1.40187E+11,1.58326E+11,1.31069E+11,1.32175E+11,1.41942E+11,1.28814E+11,1.35684E+11,1.41034E+11,1.25174E+11,1.2861E+11,1.43112E+11,1.60566E+11,1.6402E+11,1.57227E+11
IBRD only,3.65172E+12,3.53219E+12,3.75167E+12,4.17856E+12,4.35965E+12,4.91719E+12,5.36894E+12,5.69456E+12,5.54101E+12,5.39708E+12,5.8737E+12,5.9511E+12,6.0398E+12,6.78414E+12,8.08074E+12,9.65588E+12,1.14489E+13,1.42158E+13,1.70522E+13,1.65318E+13,2.00981E+13,2.37908E+13,2.52885E+13,2.66736E+13,2.7568E+13,2.58198E+13,2.60095E+13,2.87261E+13,3.05604E+13,3.12231E+13,3.00666E+13
IDA & IBRD total,4.03582E+12,3.94748E+12,4.12897E+12,4.57714E+12,4.78305E+12,5.4293E+12,5.96113E+12,6.31597E+12,6.19185E+12,5.89858E+12,6.44579E+12,6.52392E+12,6.65435E+12,7.4712E+12,8.88534E+12,1.05935E+13,1.25655E+13,1.55274E+13,1.86153E+13,1.80688E+13,2.18661E+13,2.55736E+13,2.71669E+13,2.87169E+13,2.97692E+13,2.79622E+13,2.81449E+13,3.09342E+13,3.29381E+13,3.36917E+13,3.24843E+13
IDA total,3.84705E+11,4.17478E+11,3.77865E+11,3.99089E+11,4.24044E+11,5.13328E+11,5.94262E+11,6.2346E+11,6.53855E+11,5.01477E+11,5.72668E+11,5.73262E+11,6.15669E+11,6.88276E+11,8.05848E+11,9.38815E+11,1.11804E+12,1.31226E+12,1.56378E+12,1.53777E+12,1.76856E+12,1.78267E+12,1.87816E+12,2.04333E+12,2.20123E+12,2.14118E+12,2.13434E+12,2.20838E+12,2.37779E+12,2.46816E+12,2.41694E+12
IDA blend,1.46279E+11,1.57326E+11,1.51862E+11,1.61704E+11,1.79925E+11,2.53249E+11,3.07302E+11,3.22681E+11,3.37878E+11,1.81301E+11,2.23926E+11,2.23608E+11,2.45791E+11,2.76923E+11,3.35979E+11,3.97896E+11,4.93903E+11,5.7302E+11,6.72162E+11,6.26151E+11,7.35134E+11,8.40906E+11,9.3491E+11,1.01705E+12,1.10402E+12,1.0478E+12,9.78036E+11,9.60766E+11,1.04997E+12,1.07088E+12,1.00354E+12
Indonesia,1.06141E+11,1.16622E+11,1.28027E+11,1.58007E+11,1.76892E+11,2.02132E+11,2.2737E+11,2.15749E+11,95445547873,1.40001E+11,1.65021E+11,1.60447E+11,1.95661E+11,2.34772E+11,2.56837E+11,2.85869E+11,3.64571E+11,4.32217E+11,5.10229E+11,5.3958E+11,7.55094E+11,8.92969E+11,9.1787E+11,9.12524E+11,8.90815E+11,8.60854E+11,9.31877E+11,1.01562E+12,1.04227E+12,1.1191E+12,1.05905E+12
IDA only,2.39694E+11,2.61697E+11,2.26449E+11,2.37788E+11,2.44216E+11,2.58747E+11,2.8484E+11,2.98543E+11,3.13653E+11,3.21578E+11,3.49652E+11,3.50588E+11,3.70657E+11,4.12162E+11,4.7048E+11,5.41446E+11,6.24189E+11,7.39496E+11,8.92226E+11,9.12411E+11,1.03426E+12,9.42033E+11,9.43246E+11,1.02628E+12,1.09721E+12,1.09338E+12,1.15631E+12,1.24761E+12,1.32782E+12,1.39728E+12,1.4134E+12
Isle of Man,,,,,,914762873.7,1023005863,1180968165,1382605389,1567402514,1563667800,1659131244,1947332922,2328658228,2822358473,3032409189,3422735302,4466353635,5928788781,5486918995,5920366628,6565668781,6690228489,7001180246,7708459145,7084795708,6846373277,6979791187,7491654051,7314966839,6684229269
India,3.20979E+11,2.70105E+11,2.88208E+11,2.79296E+11,3.27276E+11,3.60282E+11,3.92897E+11,4.15868E+11,4.21351E+11,4.5882E+11,4.68395E+11,4.85441E+11,5.14938E+11,6.07699E+11,7.09149E+11,8.20382E+11,9.4026E+11,1.21674E+12,1.1989E+12,1.34189E+12,1.67562E+12,1.82305E+12,1.82764E+12,1.85672E+12,2.03913E+12,2.10359E+12,2.2948E+12,2.65147E+12,2.70293E+12,2.83561E+12,2.6716E+12
Not classified,,,,,,,,,,,,,,,,,,,,,,,,,,,,,,,
Ireland,49305632408,49787501584,55918538121,52417477614,57097656066,69139823232,75790786290,82856648758,90199410116,98893958263,1.00208E+11,1.09347E+11,1.28596E+11,1.64671E+11,1.94372E+11,2.11877E+11,2.32181E+11,2.70079E+11,2.75447E+11,2.36443E+11,2.21914E+11,2.39171E+11,2.25119E+11,2.38112E+11,2.59682E+11,2.92364E+11,2.98559E+11,3.37242E+11,3.86693E+11,3.98933E+11,4.28609E+11
"Iran, Islamic Rep.",1.24813E+11,,,63743623231,71841461172,96419225745,1.20404E+11,1.13919E+11,1.10277E+11,1.13848E+11,1.09592E+11,1.26879E+11,1.28627E+11,1.53545E+11,1.90043E+11,2.26452E+11,2.66299E+11,3.49882E+11,4.12336E+11,4.16397E+11,4.86808E+11,6.26133E+11,6.44036E+11,4.92776E+11,4.60383E+11,4.08213E+11,4.57955E+11,4.8663E+11,3.29692E+11,2.8365E+11,2.39735E+11
Iraq,1.80408E+11,407796349.7,553671957.7,1031944881,3991349283,12894029888,10433698621,20764857056,20617405044,36881601584,48364250944,36176430129,32928454672,21921569479,36627901762,49954890353,65140147197,88837055195,1.31614E+11,1.11658E+11,1.38517E+11,1.8575E+11,2.18002E+11,2.34638E+11,2.28416E+11,1.66774E+11,1.66602E+11,1.87218E+11,2.27367E+11,2.33636E+11,1.80924E+11
Iceland,6468736356,6909730288,7080981738,6218581532,6389460343,7123633418,7426082271,7569672925,8503693099,8982047589,9025660362,8234846805,9318395055,11429333038,13825302536,16852963067,17465318552,21652505597,18074622987,13154414219,13751161918,15221622926,14751508134,16125060515,17867662178,17517210519,20793168031,24728285177,26260850582,24681343649,21565767851
Israel,,,,,,1.04893E+11,1.14506E+11,1.18859E+11,1.20057E+11,1.20923E+11,1.36036E+11,1.34636E+11,1.25061E+11,1.313E+11,1.39973E+11,1.47084E+11,1.5867E+11,1.84052E+11,2.20531E+11,2.1197E+11,2.38364E+11,2.66792E+11,2.62282E+11,2.97733E+11,3.1433E+11,3.03414E+11,3.22103E+11,3.58245E+11,3.76692E+11,4.02471E+11,4.13268E+11
Italy,1.18122E+12,1.24622E+12,1.32016E+12,1.06496E+12,1.09922E+12,1.17466E+12,1.31243E+12,1.24188E+12,1.27005E+12,1.25245E+12,1.14668E+12,1.16802E+12,1.27677E+12,1.57762E+12,1.80654E+12,1.85822E+12,1.94955E+12,2.2131E+12,2.40866E+12,2.19993E+12,2.1361E+12,2.29499E+12,2.08696E+12,2.14192E+12,2.16201E+12,1.83664E+12,1.87707E+12,1.9618E+12,2.09193E+12,2.0113E+12,1.89746E+12
Jamaica,4592208087,4106207649,3535460090,5440075676,5452558947,6577520643,7393891921,8400041724,8787195622,8887057997,9005064475,9194727831,9719009495,9430234811,10174664854,11243865778,11930179090,12799600047,13709401520,12120458115,13220549908,14444661522,14807086556,14264205153,13899217722,14188936958,14077096714,14808985171,15730792836,15830766571,13812421803
Jordan,4160087508,4344467193,5310833194,5606400222,6236295978,6727597032,6927503526,7245839210,7912270804,8149929478,8460789845,8975814653,9582510578,10195627645,11411706629,12588998590,15056981664,17110437236,22658715989,24537876056,27133804225,29524149155,31634561690,34454440141,36847643521,38587017887,39892551127,41608435915,43370860704,44502816901,43700383099
Japan,3.1859E+12,3.64807E+12,3.9807E+12,4.53694E+12,4.9988E+12,5.54556E+12,4.92339E+12,4.49245E+12,4.09836E+12,4.63598E+12,4.96836E+12,4.37471E+12,4.18285E+12,4.51956E+12,4.89312E+12,4.83147E+12,4.60166E+12,4.57975E+12,5.10668E+12,5.28949E+12,5.75907E+12,6.23315E+12,6.27236E+12,5.21233E+12,4.89699E+12,4.44493E+12,5.00368E+12,4.93084E+12,5.04088E+12,5.11799E+12,5.05559E+12
Kazakhstan,26932016270,24923076923,24917355372,23409260880,21250792886,20374302652,21035357937,22165932063,22135245507,16870817182,18291990662,22152689180,24636598527,30833692900,43151647003,57123671734,81003864630,1.0485E+11,1.33442E+11,1.15309E+11,1.48047E+11,1.92626E+11,2.07999E+11,2.36635E+11,2.21416E+11,1.84388E+11,1.37278E+11,1.66806E+11,1.7934E+11,1.81667E+11,1.71082E+11
Kenya,8572359038,8151488783,8209120763,5751786643,7148148564,9046320255,12045865396,13115764358,14093998844,12896010459,12705350098,12986007426,13147736899,14904517650,16095337094,18737895513,25825512284,31958195182,35895153328,42347217913,45405615064,46869473151,56396704672,61671440408,68285796514,70120446897,74815144164,82036510877,92202979985,1.00378E+11,1.00658E+11
Kyrgyz Republic,2675000000,2569444444,2316562500,2028295455,1681006993,1661018519,1827570586,1767864036,1645963750,1249061487,1369688498,1525116370,1605643105,1919008090,2211534585,2460246766,2834168889,3802570553,5139958909,4690061381,4794361863,6197765984,6605142884,7335033801,7468102413,6678177512,6813095379,7702938379,8271106235,9371275264,8270468614
Cambodia,,,,2533727592,2791435272,3441205693,3506695720,3443413389,3120425503,3517242477,3654031716,3984000517,4284028483,4658246918,5337833248,6293046162,7274595707,8639235913,10351914177,10401851768,11242275288,12829541141,14054443213,15227991395,16702610842,18049954289,20016747858,22177200588,24571753583,27089390033,25872797892
Kiribati,42933296.49,47516817.84,47736272.52,46920900.88,54834542.25,56336650.03,66517302.72,67538482.09,65333691.83,69034484.98,67253121.62,63099901.63,72197909.01,90231037.53,102370652.9,112136256.3,110237181,132674851.4,141045213,132421039.3,155305602.2,180672702.3,189629954.8,184543120.9,177868200,170292316.8,178507954.9,188540710.2,196501525.7,175181629.3,177553274.6
St. Kitts and Nevis,217259259.3,220540740.7,242137037,263755555.6,295159259.3,313485185.2,333944444.4,374641308,383257331.4,406595484.4,421695769.8,458643829,481077373.7,469869869.9,506900000,547203703.7,644414814.8,689285185.2,777691333.3,774273111.1,778718518.5,836092592.6,825381481.5,874896296.3,953166666.7,957025925.9,1007348148,1058366667,1076240741,1107155556,883933333.3
"Korea, Rep.",2.83366E+11,3.30647E+11,3.55525E+11,3.92666E+11,4.6362E+11,5.66581E+11,6.10167E+11,5.69755E+11,3.83332E+11,4.97514E+11,5.76179E+11,5.47656E+11,6.27247E+11,7.02715E+11,7.93176E+11,9.34901E+11,1.05322E+12,1.17261E+12,1.04734E+12,9.43942E+11,1.14367E+12,1.25329E+12,1.27805E+12,1.37063E+12,1.48449E+12,1.46604E+12,1.49968E+12,1.62307E+12,1.72537E+12,1.65142E+12,1.64431E+12
Kuwait,18427777778,11009993703,19858555215,23941391391,24848483838,27186980647,31492373309,30350190704,25943705784,30122365849,37718743480,34889559870,38135788414,47874582232,59439090601,80798630137,1.01557E+11,1.14634E+11,1.4738E+11,1.05969E+11,1.15417E+11,1.5408E+11,1.74048E+11,1.74168E+11,1.6265E+11,1.14586E+11,1.09406E+11,1.20688E+11,1.38203E+11,1.36192E+11,1.05949E+11
Latin America & Caribbean (excluding high income),1.03448E+12,1.09564E+12,1.18142E+12,1.41825E+12,1.61377E+12,1.69785E+12,1.85306E+12,2.02189E+12,2.03884E+12,1.81033E+12,2.00228E+12,1.95275E+12,1.75858E+12,1.79541E+12,2.04508E+12,2.47173E+12,2.8822E+12,3.40276E+12,3.93203E+12,3.64567E+12,4.55784E+12,5.32074E+12,5.29805E+12,5.43519E+12,5.4563E+12,4.63664E+12,4.49924E+12,5.01271E+12,4.87048E+12,4.80526E+12,4.05109E+12
Lao PDR,865559879.4,1028087972,1127806945,1327748690,1543606345,1763536305,1873671550,1747011857,1280177839,1454430642,1731198022,1768619058,1758176653,2023324407,2366398120,2735558735,3455031448,4223152219,5446434032,5836138127,7131773633,8750107402,10192848926,11983252627,13279248479,14426381187,15912495369,17071162084,18141651381,18740559554,18981800705
Lebanon,2838485354,4690415093,5843579161,7941744492,9599127050,11718795529,13690217334,15751867489,17247179006,17391056369,17260364842,17649751244,19152238806,20082918740,21159827992,21497336499,22022709851,24827355015,29118916105,35399582929,38443907042,39927125962,44016799516,46880103081,48095213747,49929337837,51147308774,53027680686,54901519156,51605959131,31712128254
Liberia,,,,,,,,,,,874000000,906000000,927000000,748000000,897000000,949000000,1119000000,1373000000,1726000000,1768000000,1998000000,2398000000,2791614000,3177198100,3225652000,3227075700,3398419600,3390703400,3422754800,3319596500,3039982500
Libya,28904164239,31991785107,33887005288,30660029871,28610532505,25541383197,27884630118,30700890193,27251275903,35975878804,38270983032,34112079629,20481889764,26265625000,33122307692,47334697612,60094248772,68032985519,86710739536,60808538332,75380800665,48169243832,92540964667,75351117629,57372352562,48717506273,49912085228,67157451661,76686048497,69254143967,46808208746
St. Lucia,579629629.6,613703703.7,674074074.1,684814814.8,713703703.7,762962963,788888888.9,805925925.9,877407407.4,921851851.9,932592592.6,892592592.6,900000000,987407407.4,1066666667,1135555556,1268319185,1336088815,1437731111,1401507889,1482385185,1568370370,1598207407,1660222222,1749288889,1807225926,1865459259,1996711111,2057066667,2102534000,1604444444
Latin America & Caribbean,1.17929E+12,1.25481E+12,1.36127E+12,1.60677E+12,1.8159E+12,1.94165E+12,2.10097E+12,2.30328E+12,2.33158E+12,2.10717E+12,2.32688E+12,2.2829E+12,2.05307E+12,2.09203E+12,2.40544E+12,2.90295E+12,3.39674E+12,3.99841E+12,4.64312E+12,4.35813E+12,5.39677E+12,6.13758E+12,6.20921E+12,6.36088E+12,6.48221E+12,5.42047E+12,5.28569E+12,5.8663E+12,5.74258E+12,5.6609E+12,4.80952E+12
Least developed countries: UN classification,1.91448E+11,2.07296E+11,1.6105E+11,1.66602E+11,1.62878E+11,1.66416E+11,1.73527E+11,1.81634E+11,1.87265E+11,1.93223E+11,2.20264E+11,2.13263E+11,2.32685E+11,2.62856E+11,3.01585E+11,3.56064E+11,4.14169E+11,4.99028E+11,6.12411E+11,6.09399E+11,6.89156E+11,7.86125E+11,8.20559E+11,8.9234E+11,9.5943E+11,9.20752E+11,9.36415E+11,1.02493E+12,1.09034E+12,1.15034E+12,1.16026E+12
Low income,1.42019E+11,1.62642E+11,1.22594E+11,1.32967E+11,1.39064E+11,1.36436E+11,1.42087E+11,1.524E+11,1.56191E+11,1.59069E+11,1.86978E+11,1.86868E+11,2.01276E+11,2.19661E+11,2.57944E+11,3.0878E+11,3.56958E+11,4.29605E+11,5.15028E+11,5.21829E+11,5.78584E+11,4.07725E+11,3.83347E+11,3.9413E+11,4.22001E+11,4.16014E+11,3.83674E+11,4.01796E+11,4.18173E+11,4.45191E+11,4.38045E+11
Liechtenstein,1421509216,1484160302,1631177029,1673085245,1948129623,2428525061,2504012993,2298389803,2479699106,2664105901,2483889858,2491800559,2688618747,3070803051,3454373798,3659319117,4000102086,4601429897,5081479840,4504375348,5082337238,5739706005,5456102482,6391708311,6657526980,6268515276,6237302034,6474308718,6692620692,6436467007,6405870210
Sri Lanka,8032551173,9000362582,9703011636,10338679636,11717604209,13029697561,13897738375,15091913884,15794972847,15656327860,16330814180,15749753805,16536535647,18881765437,20662525941,24405791045,28279802406,32350238760,40713826215,42066224093,58636161082,67753284044,70447216891,77000578167,82528535714,85140955389,88012282206,94376237797,94493871201,89014978344,84440516486
Lower middle income,9.44174E+11,8.8748E+11,9.18835E+11,9.21359E+11,1.00107E+12,1.17795E+12,1.34043E+12,1.39654E+12,1.41363E+12,1.31221E+12,1.37769E+12,1.4148E+12,1.4898E+12,1.70331E+12,1.98771E+12,2.3151E+12,2.7186E+12,3.35545E+12,3.78229E+12,3.81269E+12,4.56664E+12,5.21239E+12,5.49217E+12,5.60483E+12,5.89607E+12,5.74641E+12,6.00444E+12,6.45724E+12,6.61213E+12,6.88414E+12,6.61896E+12
Low & middle income,3.84527E+12,3.72947E+12,3.88468E+12,4.32399E+12,4.5072E+12,5.07651E+12,5.58421E+12,5.91524E+12,5.76402E+12,5.48571E+12,6.0113E+12,6.06952E+12,6.22184E+12,7.00447E+12,8.30462E+12,9.87674E+12,1.17117E+13,1.44578E+13,1.72867E+13,1.6882E+13,2.05329E+13,2.42034E+13,2.57583E+13,2.72672E+13,2.81918E+13,2.67209E+13,2.68981E+13,2.95465E+13,3.14076E+13,3.2162E+13,3.10166E+13
Lesotho,596410263.7,704325366.7,831029861.7,835582062.5,878250945.3,1001894000,946112492.8,998004258.7,928460893.1,912773681.1,887291687.9,825706961.2,775777238.6,1157825435,1511236656,1682343527,1800092564,1682131785,1766902709,1740894965,2234754242,2579409620,2477702216,2367112932,2441063054,2359686725,2131522791,2306185472,2556247292,2361966946,2067813019
Late-demographic dividend,2.06777E+12,2.06939E+12,2.14303E+12,2.34307E+12,2.45657E+12,3.01834E+12,3.32965E+12,3.48656E+12,3.36113E+12,3.10629E+12,3.41025E+12,3.52503E+12,3.73673E+12,4.25787E+12,5.1172E+12,6.17282E+12,7.44857E+12,9.38245E+12,1.16636E+13,1.12693E+13,1.3564E+13,1.653E+13,1.76802E+13,1.9042E+13,1.97759E+13,1.85505E+13,1.85931E+13,2.06306E+13,2.26229E+13,2.30473E+13,2.25293E+13
Lithuania,,,,,,7867140395,8382519637,10118631852,11239547691,10971583945,11524776867,12237388002,14259781159,18781721376,22627507452,26097677572,30183575104,39697891352,47797551588,37388122046,37128694028,43535051482,42927454291,46523420074,48533659592,41435533340,43047309306,47758736932,53751411409,54808531641,56964942999
Luxembourg,12778792854,13834219728,15518702635,15925521222,17701798891,20853093870,20895314658,19563836265,20150053345,21899317599,21230182989,21387533703,23649833332,29667268248,35064843793,37672280120,42910146296,51587401416,58844277702,54467289898,56213985987,61696281326,59776383527,65203276467,68804811898,60071584216,62216885436,65712180343,71000359760,69890505324,73699366700
Latvia,,,,,,5789128637,5975248851,6527926446,7166275468,7533788134,7958852839,8362398702,9557031605,11771975157,14435700533,17003459863,21570076499,31054350978,35854274229,26410909091,23956163077,27474380566,28169902669,30204783462,31386896487,27263090547,28083597512,30483806018,34429023435,34225547537,34390910339
"Macao SAR, China",3246481233,3765249711,4914365189,5665606115,6311207780,7046147737,7176892950,7267570893,6797792190,6547670439,6774193548,6860272608,7371692774,8246479566,10643253553,12160056122,14874098692,18439981612,21027018333,21587786906,28241798492,36845888757,43189721377,51536595089,54902831794,45048190598,45070808689,50383871121,55190661340,55082293844,25343525936
St. Martin (French part),,,,,,,,,,,,,,,,,,,,,,775875748.5,,,772921958.5,,,,,652206037.1,
Morocco,30179954775,32285573574,33711069431,31655473664,35604137423,39030285468,43161571528,39147844526,46497608725,46266428648,43017455402,43831480208,47077192188,58029363354,66114145451,68852658069,75883823301,86947913287,1.01823E+11,1.01155E+11,1.00865E+11,1.10081E+11,1.06937E+11,1.15739E+11,1.19131E+11,1.10414E+11,1.11573E+11,1.18541E+11,1.27341E+11,1.2892E+11,1.21354E+11
Monaco,2481307077,2480540845,2737049231,2574494356,2720332135,3130309995,3137886995,2840195190,2934593468,2907118641,2654462665,2673723034,2919647982,3597089751,4043551489,4204652899,4586826513,5875790766,6502942245,5474379252,5367561570,6088689808,5742749294,6555591710,7069353073,6261649891,6465645585,6431271365,7182444410,7383944044,6739645416
Moldova,,,,,,1752979926,1695122174,1930081169,1698717505,1170782957,1288429392,1480673594,1661818168,1980907435,2598249556,2988342907,3408255451,4401173152,6054824248,5439434272,6974982370,8414352020,8709138635,9496717876,9399833207,7798692878,7982450758,9519053158,11253727815,11735774634,11531967881
Madagascar,3931334875,3254713056,3714966678,4063298919,3522227092,3838100904,4931861039,4262965420,4401967633,4277903780,4629247204,5438332602,5351701663,6372498890,5064732626,5859269753,6395712491,8524620890,10725137724,9616879409,9982711338,11551819618,11578975062,12423555455,12522957399,11323020701,11848613858,13176313594,13760033282,14104664679,13051441204
Maldives,215043969.8,244396761.9,284875809,322417837.2,356014932.1,398988955,450382328,508223602.4,540096397.6,589239753.6,624337145.3,870031676.8,897031250,1052121056,1226829565,1163362434,1575200391,1868383460,2271646188,2345294879,2588176058,2774350238,2886163996,3295009237,3697353037,4129505320,4409942623,4816426260,5404344159,5726094798,3712604580
Middle East & North Africa,8.09959E+11,5.71969E+11,6.27567E+11,6.43308E+11,6.86296E+11,7.52147E+11,8.40863E+11,8.83631E+11,8.68789E+11,9.42195E+11,1.05421E+12,1.04935E+12,1.04449E+12,1.15873E+12,1.3675E+12,1.64348E+12,1.92493E+12,2.27233E+12,2.83041E+12,2.557E+12,2.99482E+12,3.37843E+12,3.64205E+12,3.58179E+12,3.60249E+12,3.17942E+12,3.21337E+12,3.35227E+12,3.51841E+12,3.52292E+12,3.15804E+12
Mexico,2.61254E+11,3.1314E+11,3.63158E+11,5.30161E+11,5.53618E+11,3.80157E+11,4.32158E+11,5.2345E+11,5.57461E+11,6.31249E+11,7.42061E+11,7.96065E+11,8.10666E+11,7.6555E+11,8.19459E+11,9.17572E+11,1.02027E+12,1.10236E+12,1.16155E+12,9.43437E+11,1.10542E+12,1.22901E+12,1.25511E+12,1.32744E+12,1.36451E+12,1.21329E+12,1.11223E+12,1.19072E+12,1.2563E+12,1.30521E+12,1.12074E+12
Marshall Islands,78476000,82507000,91063000,99461000,108071000,120230000,110858000,110705600,112279400,114326300,115347500,122824000,131738200,131398500,132934600,137666300,142745200,149870000,145969100,150624900,160318500,171567100,179855800,185468000,185172900,182997300,200716000,212701200,219430038.5,231996704.1,240751144.4
Middle income,3.70988E+12,3.578E+12,3.76596E+12,4.19502E+12,4.37235E+12,4.94269E+12,5.44414E+12,5.76518E+12,5.61094E+12,5.33074E+12,5.83018E+12,5.88837E+12,6.02744E+12,6.79196E+12,8.05494E+12,9.57796E+12,1.13658E+13,1.40409E+13,1.6787E+13,1.63762E+13,1.99707E+13,2.37992E+13,2.53758E+13,2.68733E+13,2.77707E+13,2.63064E+13,2.65145E+13,2.91439E+13,3.09882E+13,3.17162E+13,3.05784E+13
North Macedonia,4699646643,4938775510,2436849342,2682456897,3559608640,4707041315,4642021256,3912986091,3765745023,3863619285,3772859034,3709636031,4018365747,4946296599,5682784472,6258602873,6861226972,8336474974,9909552435,9401736825,9407170321,10494626768,9745261301,10817702346,11362265253,10064519963,10672467073,11307067070,12683068114,12606338449,12363580535
Mali,2681912149,2724131458,2830673378,2818281085,2081846498,2706425157,2780422049,2697105823,2920358711,3440724710,2961484954,3468337942,3908121307,4714071980,5454249126,6247515888,6905934218,8156468826,9838403101,10231962390,10689168016,12995112690,12442035339,13242690786,14364937124,13104764378,14026048336,15365713048,17070867590,17280250810,17465392764
Malta,2547163582,2750041434,3021910217,2709178327,2998570147,3461332685,3585755121,3722389056,3958227428,4155187258,4069515557,4088368962,4470446352,5448415540,6098092512,6416184236,6778324087,7925371459,9090406750,8696366869,9035824366,9638728635,9461776292,10551030597,11625848975,11091483660,11668015566,13484541926,15404393365,15992378640,15252609039
Myanmar,2115193503,2069832687,2411552297,3163020044,4432257187,5289174927,6123556701,4722288502,6459461639,8486832801,8905066164,6477790688,6777632512,10467109978,10567354056,11986972419,14502553710,20182477481,31862554102,36906181381,49540813342,59977326086,59937796642,60269732883,65446196920,59687411769,63216143490,66055090634,67855845007,75072038086,79045695085
Middle East & North Africa (excluding high income),5.08431E+11,2.69917E+11,2.99631E+11,3.13438E+11,3.42399E+11,3.79729E+11,4.28606E+11,4.52412E+11,4.65945E+11,5.06225E+11,5.36202E+11,5.4232E+11,5.28296E+11,5.77707E+11,6.85778E+11,8.08522E+11,9.42307E+11,1.14831E+12,1.41625E+12,1.3786E+12,1.58778E+12,1.6364E+12,1.76481E+12,1.62405E+12,1.60086E+12,1.43907E+12,1.47584E+12,1.47691E+12,1.40184E+12,1.40862E+12,1.28488E+12
Montenegro,,,,,,,,,,,984293043.8,1159869246,1284685051,1707710053,2073234418,2257174481,2721903149,3680711744,4545674528,4159330370,4142983843,4544428421,4087526242,4465772400,4593853291,4054730078,4376930578,4856599481,5506942238,5542054181,4769996866
Mongolia,2560785660,2379018326,1317611864,768401634.2,925817092.2,1452165005,1345719472,1180934203,1124440205,1057408589,1136896124,1267997934,1396555720,1595297356,1992066808,2523471601,3414055662,4234999704,5623216608,4583850368,7189481999,10409797378,12292770632,12582122604,12226514668,11619892591,11181350649,11480847741,13178094720,14206359018,13312981429
Northern Mariana Islands,,,,,,,,,,,,,1284000000,1239000000,1210000000,1061000000,990000000,938000000,939000000,795000000,799000000,729000000,746000000,772000000,832000000,910000000,1230000000,1560000000,1301000000,1181000000,858000000
Mozambique,,3854856435,2798696511,2883161897,2958108170,3061646174,4030146135,4873663775,5551118149,6285219691,5930685215,5650154067,5950769427,6583526861,7937255565,8868504900,9509835537,10811456006,12920340965,12263894790,11411894724,14619279989,16688114144,17198073057,17978246586,16208985770,12069051237,13264640646,15017358751,15512759175,14235420505
Mauritania,1506914408,2133692697,2164298425,1847353211,1944876755,2091726101,2132087009,2071996564,2032347665,1985922776,1779520886,1746063558,1777057481,2051147607,2362501023,2936019526,3919577286,4346212355,5206437194,4714595548,5628878798,6764627746,6728208836,7223071097,6592537782,6166863897,6398747592,6800135898,7473550557,7894764886,8260752385
Mauritius,2653485893,2856889220,3224265890,3263363787,3558143578,4040341983,4421952041,4187375954,4169672975,4343708953,4663321081,4613637275,4841310240,5816559039,6578840419,6488743193,7028810681,8150150209,9990356674,9128843109,10003670690,11518413430,11668696397,12292974141,13074129952,12007291046,12594155464,13713506131,14735695931,14436346980,11408106446
Malawi,2737087862,3206783830,2618837835,3013392658,1719864761,2033701498,3319573750,3875785863,2547609590,2584478924,2537307580,2498008665,5087328438,4669789300,5058726350,5320409651,5818279739,6451210219,7743617352,9009887947,10128323011,11648142958,8773203178,8031571928,8801326169,9219474379,7909868618,8943543677,9880675786,11025371147,12056108778
Malaysia,44024585240,49143148094,59167550163,66894966969,74478356958,88705342903,1.00855E+11,1.00005E+11,72167498981,79148421053,93789736842,92783947368,1.00846E+11,1.10202E+11,1.24749E+11,1.43534E+11,1.62692E+11,1.9355E+11,2.30812E+11,2.02257E+11,2.55018E+11,2.97952E+11,3.14443E+11,3.23276E+11,3.38066E+11,3.01355E+11,3.01256E+11,3.19109E+11,3.58789E+11,3.65178E+11,3.37456E+11
North America,6.56081E+12,6.77229E+12,7.11639E+12,7.43943E+12,7.86905E+12,8.24774E+12,8.70643E+12,9.23547E+12,9.69995E+12,1.03129E+13,1.09992E+13,1.13246E+13,1.16937E+13,1.23562E+13,1.32484E+13,1.42172E+13,1.5141E+13,1.59498E+13,1.63298E+13,1.58593E+13,1.66729E+13,1.73994E+13,1.80887E+13,1.86963E+13,1.93628E+13,1.97692E+13,2.023E+13,2.11337E+13,2.22656E+13,2.31321E+13,2.2723E+13
Namibia,2789921853,2996869281,3429521699,3251188833,3666503530,3978514206,3989163197,4154989950,3873109866,3868551730,3922232165,3557341215,3349169826,4926439384,6609205995,7248374838,8001779551,8839536476,8607431497,8938847189,11431412421,12523359441,13042053592,12043307277,12435430970,11335161084,10722018732,12895153160,13682018827,12541928103,10583748542
New Caledonia,2529440424,2653780672,2923883281,2822243781,3038728385,3628440505,3606968436,3291131281,3556304833,3647802050,3420032041,3297734891,3740056748,4915353827,5895008978,6238629487,6979155388,8819917180,9067619760,8704438102,9364350077,10351448005,9659151917,10151382933,10635035595,8738203074,8724568955,9174048682,9896402284,9475655325,9454629468
Niger,3512356508,3285796875,3386232579,3052673849,1938058175,2302537562,2405686940,2290318910,2643363519,2537789821,2241753193,2448714704,2782192879,3394084732,3760443738,4383315965,4756361252,5731485052,7297600226,7352131310,7851192502,8772950778,9426912648,10224897438,10862943544,9683867926,10398861982,11185104252,12837307497,12889555561,13744653103
Nigeria,54035795388,59526833412,52058181854,56721051402,80399613064,1.4092E+11,1.8573E+11,2.0085E+11,2.18416E+11,59145077039,69171451627,73557840064,95054059303,1.04739E+11,1.35765E+11,1.75671E+11,2.38455E+11,2.78261E+11,3.39476E+11,2.95009E+11,3.6699E+11,4.14467E+11,4.63971E+11,5.20117E+11,5.74184E+11,4.93027E+11,4.04649E+11,3.75746E+11,4.21739E+11,4.74517E+11,4.32199E+11
Nicaragua,1009455484,1488804124,1792800000,1756454248,3863185119,4140470000,4308351903,4389973490,4635267225,4855717875,5107329007,5323146566,5224213018,5322454926,5795568205,6321324279,6763418646,7423365339,8496948363,8298736418,8758619001,9774319977,10531980241,10982995267,11880434071,12756685522,13286101285,13785924374,13025234959,12699028991,12678162404
Netherlands,3.18331E+11,3.275E+11,3.62963E+11,3.5355E+11,3.7913E+11,4.52302E+11,4.5049E+11,4.16813E+11,4.38008E+11,4.4705E+11,4.17479E+11,4.31587E+11,4.73862E+11,5.8007E+11,6.5838E+11,6.85348E+11,7.33955E+11,8.48559E+11,9.5187E+11,8.71519E+11,8.47381E+11,9.05271E+11,8.38923E+11,8.77173E+11,8.92168E+11,7.65573E+11,7.8406E+11,8.3387E+11,9.14043E+11,9.10194E+11,9.09793E+11
Norway,1.19792E+11,1.21872E+11,1.30838E+11,1.20579E+11,1.27131E+11,1.5203E+11,1.6352E+11,1.61357E+11,1.5423E+11,1.62384E+11,1.71457E+11,1.74239E+11,1.95915E+11,2.29385E+11,2.65269E+11,3.09979E+11,3.46915E+11,4.02643E+11,4.64918E+11,3.87976E+11,4.31052E+11,5.01361E+11,5.12777E+11,5.26014E+11,5.01736E+11,3.8816E+11,3.70957E+11,4.01745E+11,4.39789E+11,4.08743E+11,3.67633E+11
Nepal,3627560282,3921476085,3401211581,3660041667,4066775510,4401104418,4521580381,4918691917,4856255044,5033642384,5494252208,6007055042,6050875807,6330473097,7273938315,8130258415,9043715356,10325618017,12545438605,12854985464,16002656434,21573872274,21703100747,22162205046,22731612827,24360801338,24524109484,28971588880,33111525183,34186180696,33433659224
Nauru,,,,,,,,,,,,,,,,,,,,,47562844.61,65071879.78,101055723,94385014.94,99149244.4,84863440.58,97541943.04,109355638.9,130995566.3,125160115.5,124685688.2
New Zealand,45495129385,42745329732,41649829860,46775620817,55314732279,63918703507,70140835299,66075143415,56227169851,58762260626,52623281957,53872425917,66627729311,88250885550,1.03905E+11,1.1472E+11,1.11539E+11,1.37189E+11,1.33131E+11,1.21374E+11,1.46518E+11,1.68291E+11,1.76207E+11,1.90907E+11,2.01313E+11,1.78064E+11,1.88838E+11,2.06556E+11,2.11887E+11,2.13092E+11,2.1257E+11
OECD members,1.88565E+13,1.99667E+13,2.14769E+13,2.1809E+13,2.33056E+13,2.56813E+13,2.58994E+13,2.55077E+13,2.57749E+13,2.70711E+13,2.76696E+13,2.74154E+13,2.86017E+13,3.19853E+13,3.56088E+13,3.76482E+13,3.97183E+13,4.34838E+13,4.61726E+13,4.3184E+13,4.52972E+13,4.87212E+13,4.86768E+13,4.93227E+13,5.03294E+13,4.74476E+13,4.83507E+13,5.04759E+13,5.34026E+13,5.39129E+13,5.25904E+13
Oman,11685045514,11341482445,12452275683,12493107932,12918855657,13802600780,15277763329,15837451235,13996914694,15593456177,19507452536,19452000520,20142756047,21633708192,24763712874,31081991678,37215779714,42085379454,60905452536,48388363589,64993498049,77497529259,87408842653,89936020806,92699089727,78710793238,75128738622,80856697009,91505851756,88060858257,75909397659
Other small states,54472367103,56090973117,61187678062,58272700910,60955347499,69997987338,73782152796,76825374562,75277199806,81023028369,91448741121,90982919680,98158426363,1.2219E+11,1.51628E+11,1.83686E+11,2.15632E+11,2.63863E+11,3.22996E+11,2.77208E+11,3.22487E+11,3.96893E+11,4.13909E+11,4.31963E+11,4.46498E+11,3.70348E+11,3.66415E+11,3.99197E+11,4.43325E+11,4.34462E+11,3.7844E+11
Pakistan,40010423970,45625336680,48884671947,51809999353,52293470813,60636071684,63320170084,62433340468,62191955814,62973857069,99484802345,97145618480,97923302809,1.12372E+11,1.32216E+11,1.45209E+11,1.61871E+11,1.84141E+11,2.02204E+11,1.87338E+11,1.9671E+11,2.30587E+11,2.50107E+11,2.58657E+11,2.7139E+11,2.99964E+11,3.1363E+11,3.39206E+11,3.56128E+11,3.20909E+11,3.00426E+11
Panama,6433967000,7074675500,8042337700,8782585400,9365289800,9573813700,9870494000,10677286100,11575486400,12130252200,12304115000,12502013400,12994310400,13693981200,15013381700,16374393900,18141666300,21295984200,25155888600,27116635600,29440287600,34686224300,40429700000,45599900000,49921400000,54091800000,57907700000,62202700000,67294169200,69721787500,57086836900
Peru,26410386963,34341465998,35966302303,34832077221,44882079767,53312793687,55252414130,58147522523,55501467877,50187324568,51744749133,52030158775,54777553515,58731030122,66768703498,76060606061,88643193062,1.02171E+11,1.20551E+11,1.20823E+11,1.47528E+11,1.71762E+11,1.9265E+11,2.01176E+11,2.00786E+11,1.89803E+11,1.91898E+11,2.11008E+11,2.22597E+11,2.28326E+11,2.01948E+11
Philippines,50508286642,51784144943,60422328242,62036529147,73159336915,84644328727,94648084429,94106317565,74492416330,85640171045,83669788255,78921234458,84307345888,87039092974,95001999685,1.0742E+11,1.27653E+11,1.5598E+11,1.81625E+11,1.75975E+11,2.08369E+11,2.34217E+11,2.61921E+11,2.83903E+11,2.97484E+11,3.06446E+11,3.18627E+11,3.28481E+11,3.46842E+11,3.76823E+11,3.61751E+11
Palau,,,,,,,,,,,146297500,156907900,163184900,153963200,165186200,190452900,192382400,198897700,198283900,187522800,185943000,196911100,212397800,221117200,241669800,280457700,298300000,285600000,288546281.3,281970375,257885921.9
Papua New Guinea,3219729083,3787394958,4377980510,4974550286,5502786070,4636057476,5155311077,4936615299,3789443015,3477038204,3521339699,3081024212,2999511040,3536411824,3927157867,4865892972,8354911041,9545028944,11670892801,11619456449,14250786675,17985138066,21295168666,21261338065,23210823987,21723437010,20758876953,22742699138,24109780708,24751066911,23848445104
Poland,65977748211,85500935935,94337050693,96043157273,1.10804E+11,1.42294E+11,1.60193E+11,1.59358E+11,1.74686E+11,1.70031E+11,1.7222E+11,1.90905E+11,1.9907E+11,2.17829E+11,2.55107E+11,3.06146E+11,3.44627E+11,4.29021E+11,5.336E+11,4.39732E+11,4.75697E+11,5.24374E+11,4.95231E+11,5.15762E+11,5.3908E+11,4.77111E+11,4.70025E+11,5.24641E+11,5.8878E+11,5.96058E+11,5.99443E+11
Pre-demographic dividend,4.06741E+11,2.21572E+11,1.70282E+11,1.77795E+11,1.85223E+11,2.75015E+11,3.32587E+11,3.65661E+11,3.90172E+11,2.40531E+11,2.78356E+11,2.65776E+11,3.05613E+11,3.32241E+11,4.14106E+11,5.1685E+11,6.52781E+11,7.91179E+11,9.8723E+11,8.9734E+11,1.04903E+12,1.21563E+12,1.32063E+12,1.44856E+12,1.53546E+12,1.30573E+12,1.16296E+12,1.21449E+12,1.35333E+12,1.42658E+12,1.30942E+12
Puerto Rico,30603919000,32287031000,34630430000,36922456000,39690630000,42647331000,45340835000,48187039000,54086400000,57841000000,61701800000,69208400000,71623500000,74827400000,80322313000,83914521300,87276164400,89524131600,93639300000,96385600000,98381300000,1.00352E+11,1.01565E+11,1.0245E+11,1.02446E+11,1.03376E+11,1.04337E+11,1.03446E+11,1.00958E+11,1.05126E+11,1.03131E+11
"Korea, Dem. People's Rep.",,,,,,,,,,,,,,,,,,,,,,,,,,,,,,,
Portugal,78713860217,89233599278,1.07592E+11,95009751901,99688641304,1.18122E+11,1.2263E+11,1.17017E+11,1.23946E+11,1.2747E+11,1.18605E+11,1.21604E+11,1.34796E+11,1.65226E+11,1.89382E+11,1.97254E+11,2.08756E+11,2.40496E+11,2.63416E+11,2.44668E+11,2.38113E+11,2.45118E+11,2.16224E+11,2.26434E+11,2.29902E+11,1.99394E+11,2.06426E+11,2.21358E+11,2.42313E+11,2.39987E+11,2.29032E+11
Paraguay,5812114523,6984367763,7157424031,7249533620,7870982005,9062131475,9788391781,9965225678,9260481572,8837070236,8855705140,8495806432,7196260657,7691367471,9624440836,10737500188,13429430050,17856393235,24615267664,22355151162,27260886405,33756238767,33271921136,38501122141,40377929296,36211447840,36089700223,38997129474,40225448341,37925338329,35432178068
West Bank and Gaza,,,,,2843300000,3282800000,3409600000,3759800000,4067800000,4271200000,4313600000,4003700000,3555800000,3968000000,4603100000,5125700000,5348300000,5815700000,7310400000,8085700000,9681500000,11186100000,12208400000,13515500000,13989700000,13972400000,15405400000,16128000000,16276600000,17133500000,15531700000
Pacific island small states,2354687466,2500551372,2743014361,2908044325,3426105662,3716903984,3978860485,3985888228,3413057977,3750909522,3435656409,3389381029,3558832713,4239179347,4877983057,5419134785,5688865058,6273728190,6704438347,6031358946,6634285955,7736812356,8198463635,8523914645,9263445657,9054326773,9504027216,10256679808,10764416947,10709524680,9492350931
Post-demographic dividend,1.84151E+13,1.94446E+13,2.08751E+13,2.10314E+13,2.25219E+13,2.49767E+13,2.50951E+13,2.46018E+13,2.4708E+13,2.59454E+13,2.63987E+13,2.61437E+13,2.72684E+13,3.05704E+13,3.39704E+13,3.57415E+13,3.7604E+13,4.10423E+13,4.34752E+13,4.09254E+13,4.26854E+13,4.58476E+13,4.57796E+13,4.62331E+13,4.71497E+13,4.45806E+13,4.55833E+13,4.75321E+13,5.03805E+13,5.08781E+13,4.97409E+13
French Polynesia,3320159522,3410078968,3713785765,3544608548,3676123788,4186994249,4166072830,3762859093,3903186593,3911602004,3599845480,3573808556,3965405553,4927780607,5564109982,5705052135,5877997980,6631156406,7136741422,6584557974,6086644799,6203940037,5692858099,6031827123,6151996561,5325846362,5497036477,5833352693,6135116253,6022276196,5792545871
Qatar,7360439423,6883516484,7646153984,7156593654,7374450769,8137911978,9059340385,11297802115,10255495027,12393131868,17759890110,17538461538,19363736264,23533791209,31734065934,44530494505,60882142857,79712087912,1.1527E+11,97798351648,1.25122E+11,1.67775E+11,1.86834E+11,1.98728E+11,2.06225E+11,1.6174E+11,1.51732E+11,1.61099E+11,1.83335E+11,1.76371E+11,1.44411E+11
Romania,38247882300,28850634900,25121666667,26361160450,30072805104,37430162103,36937074278,35575214078,41696091974,35953156754,37253739511,40395116581,46065502703,57806384143,74973656852,98454380120,1.22024E+11,1.74589E+11,2.14317E+11,1.74102E+11,1.70029E+11,1.92614E+11,1.79133E+11,1.89789E+11,1.99714E+11,1.77884E+11,1.85288E+11,2.10147E+11,2.43316E+11,2.51018E+11,2.51363E+11
Russian Federation,5.17014E+11,5.17963E+11,4.60291E+11,4.35084E+11,3.95077E+11,3.95537E+11,3.91725E+11,4.04929E+11,2.70955E+11,1.95907E+11,2.5971E+11,3.06602E+11,3.4547E+11,4.30347E+11,5.91017E+11,7.64016E+11,9.89932E+11,1.2997E+12,1.66085E+12,1.22265E+12,1.52492E+12,2.04592E+12,2.20829E+12,2.29247E+12,2.05924E+12,1.36348E+12,1.27679E+12,1.5742E+12,1.65733E+12,1.69312E+12,1.49308E+12
Rwanda,2550185679,1911600237,2029026962,1971525712,753636370.5,1293535193,1382334879,1851558197,1989343546,2157240526,2068955253,1966719933,1966111529,2138354521,2376642786,2933999089,3319974269,4070746222,5180228096,5674899033,6125216482,6885492661,7655465590,7820741499,8239766320,8544621757,8696069807,9252834120,9636254325,10346326599,10172303393
South Asia,4.0699E+11,3.62087E+11,3.84546E+11,3.80915E+11,4.32114E+11,4.79617E+11,5.24715E+11,5.50444E+11,5.58153E+11,5.98033E+11,6.47687E+11,6.63315E+11,6.95416E+11,8.11619E+11,9.41544E+11,1.07573E+12,1.2207E+12,1.53595E+12,1.5596E+12,1.70262E+12,2.08224E+12,2.29396E+12,2.32783E+12,2.38973E+12,2.61476E+12,2.7334E+12,3.01089E+12,3.43394E+12,3.53408E+12,3.65822E+12,3.48992E+12
Saudi Arabia,1.1763E+11,1.32223E+11,1.37088E+11,1.32968E+11,1.35175E+11,1.43343E+11,1.58662E+11,1.65964E+11,1.46775E+11,1.61717E+11,1.89515E+11,1.84138E+11,1.89606E+11,2.15808E+11,2.58742E+11,3.2846E+11,3.769E+11,4.15965E+11,5.19797E+11,4.29098E+11,5.28207E+11,6.76635E+11,7.4185E+11,7.53865E+11,7.66606E+11,6.69484E+11,6.66E+11,7.14995E+11,8.46584E+11,8.38565E+11,7.34271E+11
Sudan,33641222222,44168918919,7031909434,8881005436,12793794737,13830363900,9018300725,11681175864,11250221537,10682028340,12257299147,15716361792,18137128388,21355298460,26646007251,35182711988,45263831634,59440139775,64833083257,51621044077,58962978034,55018567211,37632919967,43024018082,49516748618,51726758677,42630376000,41283617976,32333780383,32338079165,27034593750
Senegal,7390967360,7255210470,7769817840,7367986241,5034588196,6326342633,6559712166,6041478726,6505607909,6592834933,6013185004,6507824829,7006402320,8768721563,10076816667,11009033438,11697918243,13994218413,16853989628,16145867495,16121315909,17814283639,17660870412,18918667725,19797253440,17774766696,19040312333,20996562944,23116701556,23403995992,24530513038
Singapore,36144336769,45466164978,52131320033,60603815716,73688724431,87812540788,96293086513,1.00124E+11,85728207782,86286849755,96076539926,89793790670,92538372870,97646401096,1.15034E+11,1.27808E+11,1.48627E+11,1.80942E+11,1.93617E+11,1.9415E+11,2.39808E+11,2.79356E+11,2.95093E+11,3.07576E+11,3.14864E+11,3.07999E+11,3.1903E+11,3.43273E+11,3.76869E+11,3.76838E+11,3.48392E+11
Solomon Islands,214877666.7,227540473.3,269034595.8,300746361.1,402837005.3,469443201.5,510586430.2,526554006,457579840.2,488024514.4,419842674.2,409508553,346406738.9,417668983.4,468005318.6,552864570.2,617258154.3,695295347.6,776337691.8,805557562.6,898133684.9,1063895361,1185215418,1285911586,1335571421,1307909888,1379490304,1469789119,1615478393,1619155017,1536145814
Sierra Leone,649644097.6,780098205.2,679997997.6,768812334.8,911915970.7,870758739.4,941742152.7,850218033.6,672375927.3,669384768.9,635874002.2,1074851475,1236235827,1369685677,1430217081,1627058425,1862116291,2126679544,2451896435,2419014960,2578159804,2932274309,3789251613,4920343317,5015180725,4252029354,3862721266,3719443418,4085114388,4076578699,4062906266
El Salvador,4817542204,5252342400,5813399300,6680269200,7679384000,8921947100,9586327800,10221705900,10936669900,11284197000,11784927700,12282533600,12664190300,13243892200,13724810900,14698000000,15999890000,17011750000,17986890000,17601620000,18447920000,20283780000,21386150000,21990960000,22593470000,23438240000,24191430000,24979190000,26020850000,26881140000,24930080000
San Marino,,,,,,,,,,1109098658,1005159388,1077413479,1168269231,1464326161,1723750000,1785847531,1908167106,2185874624,2393437820,2056126702,1881191950,1813717695,1604701051,1678741202,1673910988,1419400404,1468342431,1528621195,1655354304,1616188702,1541247884
Somalia,917044228,,,,,,,,,,,,,,,,,,,,,,,5836021227,6537360533,6984947145,7390796617,8252394373,8278212314,9420431258,9204140383
Serbia,,,,,,16832598870,21818007449,25676488000,19457979423,19388663551,6875845987,12960546471,17120906918,22482365322,26141968161,27683225959,32482070360,43170990616,52194221469,45162894381,41819468692,49258136129,43309252921,48394239475,47062202419,39655949731,40692661657,44179075779,50640662859,51514242939,53356484591
Sub-Saharan Africa (excluding high income),3.74681E+11,4.01456E+11,3.61255E+11,3.64836E+11,3.72818E+11,4.75486E+11,5.29867E+11,5.57982E+11,5.62117E+11,3.99156E+11,4.23549E+11,4.06162E+11,4.42418E+11,5.57409E+11,6.92413E+11,8.22476E+11,9.72603E+11,1.12764E+12,1.27862E+12,1.22416E+12,1.44906E+12,1.62894E+12,1.69078E+12,1.79611E+12,1.87281E+12,1.66713E+12,1.52039E+12,1.62406E+12,1.77909E+12,1.82795E+12,1.71466E+12
South Sudan,,,,,,,,,,,,,,,,,,,14586253383,12231264525,14602072411,14907308933,11931472169,18426469017,13962212847,11997800760,,,,,
Sub-Saharan Africa,3.75072E+11,4.01852E+11,3.61719E+11,3.65343E+11,3.73339E+11,4.76029E+11,5.30403E+11,5.58582E+11,5.62767E+11,3.99824E+11,4.24208E+11,4.0683E+11,4.43166E+11,5.58165E+11,6.93312E+11,8.2346E+11,9.7369E+11,1.12872E+12,1.2796E+12,1.22501E+12,1.45004E+12,1.63E+12,1.69187E+12,1.79744E+12,1.8742E+12,1.66852E+12,1.52185E+12,1.62559E+12,1.78068E+12,1.8296E+12,1.71584E+12
Small states,74904284632,76503385460,81412478292,80325204441,84517313061,95833039358,1.01907E+11,1.09156E+11,1.09054E+11,1.16967E+11,1.29427E+11,1.29945E+11,1.3904E+11,1.66312E+11,2.00125E+11,2.38409E+11,2.77391E+11,3.32465E+11,4.00485E+11,3.43079E+11,3.94062E+11,4.74846E+11,4.96292E+11,5.15844E+11,5.3282E+11,4.55151E+11,4.47159E+11,4.83233E+11,5.3063E+11,5.22425E+11,4.53792E+11
Sao Tome and Principe,,,,,,,,,,,,75951133.38,85171073.88,102085769.1,114582283.9,136450662.4,142775104.1,149146918.9,188021165,200668065,190021192.5,226455001.2,229371348.2,267041747.6,293119143.2,259999643,292267272.2,322002845.2,383717327.8,412976064.5,471229484.6
Suriname,388400000,448100000,404600000,428764705.9,605492537.3,691590497.7,861372806.2,926422500,1110850000,886290697.7,947671969.7,834279357.8,1093574468,1274190311,1484092538,1793410397,2626380435,2936612022,3532969035,3875409836,4368370998,4422276622,4980000000,5145757576,5240606061,5126237646,3317421648,3591679431,3996198867,4016040575,2911807496
Slovak Republic,12747380650,14272201755,15495514297,16520676974,20162936291,25840146405,27925036755,27706028096,29856000671,30463670124,29242558797,30778781607,35297794386,46919965224,57437444469,62808723477,70767338922,86563986799,1.0088E+11,89399303222,91162836320,99922685425,94623731086,98935222175,1.01437E+11,88900883131,89952699525,95649966261,1.06138E+11,1.05712E+11,1.06731E+11
Slovenia,,,,,,21352224019,21507232649,20763101741,22146231968,22711384311,20289627637,20876309970,23489890274,29634713641,34414784504,36206395971,39481045038,48067401207,55779427740,50567734886,48208240226,51583869785,46577793184,48415657265,49997186439,43107506024,44766722791,48589100043,54177882426,54386654314,53734526854
Sweden,2.61846E+11,2.74229E+11,2.84321E+11,2.12953E+11,2.29034E+11,2.67306E+11,2.91744E+11,2.68146E+11,2.70809E+11,2.74072E+11,2.62835E+11,2.42396E+11,2.66849E+11,3.34337E+11,3.85118E+11,3.92218E+11,4.23093E+11,4.91253E+11,5.17706E+11,4.36537E+11,4.95813E+11,5.74094E+11,5.52484E+11,5.86842E+11,5.81964E+11,5.05104E+11,5.15655E+11,5.41019E+11,5.55455E+11,5.3388E+11,5.47054E+11
Eswatini,1114694041,1156135718,1284759928,1357189552,1419294254,1698989464,1602741834,1716714070,1576908856,1547888496,1738093840,1542477309,1432221739,2197598466,2770082792,3178112499,3291330019,3469381231,3294084314,3580428053,4438765086,4820478680,4886551484,4597552982,4422986272,4063245671,3816019193,4402969226,4666598024,4466214591,3982236693
Sint Maarten (Dutch part),,,,,,,,,,,,,,,,,,,,,,936089385.5,985865921.8,1022905028,1361811521,1417888712,1427017202,1353212141,1259200443,1407880466,1236428075
Seychelles,392163560.9,398307169.9,461409398.9,504230620.6,517570058.2,540733047.7,535250347.1,598966982.4,647287375.8,662838614.9,654212394.3,662064155.9,742134837.5,750847230.1,893012218.2,977899381.8,1081441283,1077308814,979597394.3,851064347.1,981917973.7,1059249932,1089880685,1324915185,1387576450,1391427967,1458954073,1529773473,1588050311,1645090567,1183515314
Syrian Arab Republic,23904498886,27756258352,33107349666,36860133630,45086948775,50866369710,61546280624,66420400891,70418173719,72970334076,80590022272,86771314031,90558485523,95693808463,1.12863E+11,1.34204E+11,1.538E+11,1.8003E+11,2.1809E+11,2.24562E+11,2.52518E+11,67539428159,43190318033,21361254635,21502061466,16468399173,12598742889,16369724424,21496337949,22600896343,11156757922
Turks and Caicos Islands,,,,,,,,,,,,358744800,366707900,409753600,485598800,578645800,721891500,773489700,862683600,703175800,686787800,728789600,727161000,754238000,841070000,942070000,1032452000,1022365000,1113178000,1197415000,924583000
Chad,1738605558,1877137982,1881847670,1463251164,1179837963,1445919895,1607345356,1544689577,1744794531,1534673583,1388506772,1710843377,1997005709,2742815072,4422855661,6649307524,7428701454,8650137743,10393833765,9290728319,10668103554,12172308851,12367362757,12953534866,13940767219,10950392257,10097778098,10000394381,11239167898,11314951092,10715396042
East Asia & Pacific (IDA & IBRD countries),6.99931E+11,7.52432E+11,8.76266E+11,1.06397E+12,1.0706E+12,1.32049E+12,1.51656E+12,1.56878E+12,1.4315E+12,1.57619E+12,1.73411E+12,1.84497E+12,2.04197E+12,2.31112E+12,2.67975E+12,3.104E+12,3.73829E+12,4.72606E+12,5.97981E+12,6.48333E+12,7.89085E+12,9.63883E+12,1.07467E+13,1.18555E+13,1.27844E+13,1.33069E+13,1.35978E+13,1.48628E+13,1.66199E+13,1.7192E+13,1.74658E+13
Europe & Central Asia (IDA & IBRD countries),1.00487E+12,9.95789E+11,9.31486E+11,9.28726E+11,8.34828E+11,9.24002E+11,9.50622E+11,9.80497E+11,9.47828E+11,8.21675E+11,8.94545E+11,9.09541E+11,1.0227E+12,1.2582E+12,1.62801E+12,2.03929E+12,2.46636E+12,3.1724E+12,3.92683E+12,3.11373E+12,3.65767E+12,4.44982E+12,4.6464E+12,4.91532E+12,4.64391E+12,3.62752E+12,3.48567E+12,3.90924E+12,4.07695E+12,4.15914E+12,3.90017E+12
Togo,1628427587,1602299812,1692959104,1233496938,982624331.6,1309382817,1465448204,1498950971,1587346018,1576672666,1491891156,1482437766,1706698033,2115836258,2259992505,2281483016,2351584496,3759962853,4578847113,4721888275,4746386893,5422439152,5413541649,6021729630,6393314708,5755457836,6071167584,6387424240,7029215766,6992654019,7486031562
Thailand,85343190719,98234714971,1.11453E+11,1.28889E+11,1.46684E+11,1.69279E+11,1.83035E+11,1.5018E+11,1.13676E+11,1.26669E+11,1.26392E+11,1.20296E+11,1.34301E+11,1.52281E+11,1.72896E+11,1.89318E+11,2.21758E+11,2.62943E+11,2.91383E+11,2.81711E+11,3.41105E+11,3.70819E+11,3.97558E+11,4.20334E+11,4.07339E+11,4.01296E+11,4.13366E+11,4.56357E+11,5.06754E+11,5.43977E+11,5.00457E+11
Tajikistan,2629395066,2536585366,1909246641,1646693642,1522018436,1231567145,1043654822,921517486.7,1320199582,1086612583,860541842.3,1080772703,1221106073,1555318431,2076176636,2312352268,2830213563,3719524181,5161299725,4979471964,5642221529,6522755783,7633036366,8448410727,9112606074,8271431932,6992416097,7536403147,7765000282,8300813890,8133963813
Turkmenistan,3000000000,2950000000,3200000000,3180952381,2560939794,2482249253,2378759975,2450350625,2605689134,2450564100,2904663311,3534772732,4462029109,5977440583,6838351088,8103901996,10276674365,12664165103,19271523179,20214385965,22583157895,29233333333,35164210526,39197543860,43524210526,35799714286,36169428571,37926285714,40765428571,45232857143,45818000000
Latin America & the Caribbean (IDA & IBRD countries),1.10946E+12,1.18726E+12,1.29317E+12,1.53492E+12,1.73395E+12,1.85396E+12,2.01499E+12,2.2103E+12,2.23127E+12,2.0003E+12,2.21245E+12,2.15975E+12,1.92577E+12,1.95874E+12,2.2626E+12,2.74901E+12,3.23112E+12,3.82282E+12,4.4609E+12,4.17392E+12,5.20743E+12,5.93588E+12,6.00143E+12,6.14846E+12,6.26514E+12,5.19226E+12,5.0512E+12,5.62675E+12,5.50085E+12,5.40947E+12,4.56117E+12
Timor-Leste,,,,,,,,,,,366924300,477443500,469455500,490439100,440772000,462268000,453792400,542795400,648523600,726937800,881909300,1042534600,1160555000,1395727400,1447535200,1595205100,1652603700,1598208400,1566157200,2027034000,2162619200
Middle East & North Africa (IDA & IBRD countries),5.04209E+11,2.67675E+11,2.97142E+11,3.10835E+11,3.39555E+11,3.76446E+11,4.25196E+11,4.48652E+11,4.61877E+11,5.01954E+11,5.31889E+11,5.38316E+11,5.2474E+11,5.73739E+11,6.81175E+11,8.03396E+11,9.36959E+11,1.1425E+12,1.40894E+12,1.37051E+12,1.5781E+12,1.62522E+12,1.7526E+12,1.61053E+12,1.58687E+12,1.4251E+12,1.46044E+12,1.46078E+12,1.38556E+12,1.39149E+12,1.26935E+12
Tonga,113563821.6,132201141.4,137066290.6,138489884.4,195990986.2,208871665.7,222100576.3,214991452.3,191504892.8,199208717.5,204848487.8,181117230.4,182764280.8,202246591.2,230657627.2,261803684.2,292230662.4,298519024.1,344436582.1,312377678.8,366832215.2,414533117.7,470705196.4,450650633,439877614.4,437003078.6,420548712.4,460374354.8,488906838.6,512053692.1,484796854.9
South Asia (IDA & IBRD),4.0699E+11,3.62087E+11,3.84546E+11,3.80915E+11,4.32114E+11,4.79617E+11,5.24715E+11,5.50444E+11,5.58153E+11,5.98033E+11,6.47687E+11,6.63315E+11,6.95416E+11,8.11619E+11,9.41544E+11,1.07573E+12,1.2207E+12,1.53595E+12,1.5596E+12,1.70262E+12,2.08224E+12,2.29396E+12,2.32783E+12,2.38973E+12,2.61476E+12,2.7334E+12,3.01089E+12,3.43394E+12,3.53408E+12,3.65822E+12,3.48992E+12
Sub-Saharan Africa (IDA & IBRD countries),3.75072E+11,4.01852E+11,3.61719E+11,3.65343E+11,3.73339E+11,4.76029E+11,5.30403E+11,5.58582E+11,5.62767E+11,3.99824E+11,4.24208E+11,4.0683E+11,4.43166E+11,5.58165E+11,6.93312E+11,8.2346E+11,9.7369E+11,1.12872E+12,1.2796E+12,1.22501E+12,1.45004E+12,1.63E+12,1.69187E+12,1.79744E+12,1.8742E+12,1.66852E+12,1.52185E+12,1.62559E+12,1.78068E+12,1.8296E+12,1.71584E+12
Trinidad and Tobago,5068000000,5307905882,5439552941,4669488516,4947205860,5329214163,5759537726,5737751332,6043694330,6808982521,8154338233,8824873259,9008273721,11305459802,13280275123,15982282462,18369361094,21641620050,27871587350,19172165226,22157948396,25433011405,27334581560,28709988700,29699968761,27026080987,23713671528,24040299978,24569079488,23775754305,20807571314
Tunisia,12290568182,13074782609,15496708060,14608335608,15633174304,18030876599,19587161807,20746210354,21802893587,22943202175,21473528161,22065832449,23141616605,27453902261,31183885241,32272186695,34376664601,38915353867,44859439902,43455740497,46206091938,48123325825,47311401813,48685446414,50271812921,45779494042,44360072680,42163530591,42686580021,41905540184,42538289933
Turkiye,1.50656E+11,1.51035E+11,1.59105E+11,1.80416E+11,1.3065E+11,1.6932E+11,1.81464E+11,1.89878E+11,2.75942E+11,2.56396E+11,2.74295E+11,2.01753E+11,2.40249E+11,3.14596E+11,4.08865E+11,5.06315E+11,5.57076E+11,6.81321E+11,7.70449E+11,6.49289E+11,7.76967E+11,8.38785E+11,8.80556E+11,9.57799E+11,9.38935E+11,8.64314E+11,8.69683E+11,8.58988E+11,7.78972E+11,7.61006E+11,7.20338E+11
Tuvalu,8824743.942,9365486.899,9742606.019,9631024.916,10887215.58,11025675.43,12335203.38,12701093.97,12757408.46,13687141.11,15073975.53,13964732.33,16842672.6,19456338.03,22798274.98,22909979.82,24096875.46,28450168.69,31874434.86,28076983.97,32105408.48,39196957.49,39345579.47,38615890.63,38760982.65,36811936.08,41629064.22,45276595.35,48015259.88,54123198.57,51746594.31
Tanzania,4258742892,4956587894,4601413526,4257702018,4510847189,5255221041,6496195820,7683852497,12270448553,12708703447,13376365875,13568654924,14134511339,15216719215,16678796642,18395383647,18619859795,21860434823,27947821398,29400573554,32012892919,34657140096,39650394363,45648857242,49986726461,47413919817,49774409374,53274884533,57003712892,61026731926,66068737786
Uganda,4304399310,3321729160,2857457762,3220439044,3990430447,5755818842,6044585327,6269333313,6584815847,5998563258,6193246837,5840503869,6178563591,6606884275,7939487548,9239221763,9977647683,11902564495,14440404132,25127805567,26673441431,27871725241,27305915911,28915786517,32612397257,32387183730,29203988696,30744473841,32927025620,35348155095,37605430214
Ukraine,79523809524,76666666667,73906020558,65648189144,52549580265,48213856469,44558831005,50151531592,41882523345,31580639554,32375083935,39309580983,43956163612,52010355753,67220154164,89238865119,1.11885E+11,1.48734E+11,1.8811E+11,1.21552E+11,1.41209E+11,1.69334E+11,1.82592E+11,1.90499E+11,1.33504E+11,91030967789,93355869404,1.12091E+11,1.30891E+11,1.53883E+11,1.56618E+11
Upper middle income,2.7745E+12,2.69755E+12,2.85356E+12,3.2741E+12,3.37148E+12,3.76471E+12,4.10366E+12,4.36859E+12,4.19725E+12,4.01849E+12,4.45247E+12,4.47354E+12,4.53759E+12,5.08858E+12,6.06717E+12,7.2628E+12,8.6471E+12,1.06854E+13,1.30047E+13,1.25635E+13,1.5404E+13,1.85868E+13,1.98837E+13,2.12685E+13,2.18746E+13,2.056E+13,2.05101E+13,2.26867E+13,2.4376E+13,2.48321E+13,2.39594E+13
Uruguay,9298807850,11206176651,12878148791,15002136971,17474588896,19297663097,20515458114,23969739234,25385886978,23983945191,22823270892,20898761742,13606515723,12045638352,13686329890,17362857684,19741420740,23797773024,31119602539,32708319078,41950361212,50342406067,54232266359,61337621934,61496186974,57680327999,57480788380,65006047680,65203071818,62048585619,53666908054
United States,5.96314E+12,6.15813E+12,6.52033E+12,6.85856E+12,7.28724E+12,7.63975E+12,8.07312E+12,8.57755E+12,9.06282E+12,9.63117E+12,1.02509E+13,1.05819E+13,1.09291E+13,1.14564E+13,1.22172E+13,1.30392E+13,1.38156E+13,1.44742E+13,1.47699E+13,1.44781E+13,1.5049E+13,1.55997E+13,1.6254E+13,1.68432E+13,1.75507E+13,1.8206E+13,1.86951E+13,1.94773E+13,2.05331E+13,2.1381E+13,2.10605E+13
Uzbekistan,13360607991,13677622222,12941297376,13099013836,12899156991,13350468917,13948892216,14744603774,14988971211,17078465982,13760513969,11401421329,9687788513,10134453435,12030023548,14307509839,17330833853,22311393928,29549438884,33689223673,49765676402,60178909297,67517349212,73180037911,80845385816,86196264742,86138288633,62081322740,52870108217,60283503705,60224701297
St. Vincent and the Grenadines,240366666.7,254829629.6,277955555.6,286307407.4,289437037,316007407.4,331488888.9,347770370.4,373618518.5,390718518.5,427946037,462072333.3,487763851.9,509090888.9,549900185.2,579948925.9,643501148.1,713596666.7,732663259.3,714300259.3,720447888.9,713796370.4,730032592.6,764781259.3,770900000,786555555.6,814303703.7,844037037,884329629.6,910766666.7,869111111.1
"Venezuela, RB",48606952195,53453444787,60416519620,60037460783,58418666667,77389487770,70543211119,85837678560,91336763255,97972842462,1.17146E+11,1.22911E+11,92893587734,83620628582,1.12451E+11,1.45513E+11,1.83478E+11,2.30364E+11,3.15953E+11,3.29788E+11,3.93192E+11,3.16482E+11,3.81286E+11,3.71005E+11,4.82359E+11,,,,,,
British Virgin Islands,,,,,,,,,,,,,,,,,,,,,,,,,,,,,,,
Virgin Islands (U.S.),,,,,,,,,,,,,3262000000,3443000000,3797000000,4428000000,4484000000,4784000000,4244000000,4201000000,4324000000,4223000000,4089000000,3738000000,3565000000,3663000000,3798000000,3794000000,3923000000,4121000000,4189000000
Viet Nam,6471740806,9613369520,9866990236,13180953598,16286433533,20736164459,24657470575,26843700442,27209602050,28683659007,31172518403,32685198809,35064105501,39552513232,45427854693,57633255738,66371664817,77414425532,99130304099,1.06015E+11,1.47201E+11,1.72595E+11,1.95591E+11,2.13709E+11,2.33451E+11,2.39258E+11,2.57096E+11,2.81354E+11,3.10106E+11,3.34365E+11,3.46616E+11
Vanuatu,168879207.2,201334169.1,209088824.6,200491853.2,233701301.5,249333250.1,261370044.5,272771209.1,262293410.7,268006972.7,272014627.8,257926881.7,262596535.5,314471413,364996869.1,394962433,439358586.5,516392922.5,590748429.4,592622319.1,670712979.7,770153588.2,747839697.7,758304466.2,772315983.8,730870803,780889605.9,880061833.7,914736985.4,936526267.6,909421043.5
World,2.2935E+13,2.39325E+13,2.56239E+13,2.62351E+13,2.79975E+13,3.11755E+13,3.18998E+13,3.17976E+13,3.17486E+13,3.27846E+13,3.3899E+13,3.36892E+13,3.49825E+13,3.92192E+13,4.41954E+13,4.78592E+13,5.18626E+13,5.84468E+13,6.42276E+13,6.08793E+13,6.66919E+13,7.39417E+13,7.5587E+13,7.76917E+13,7.98098E+13,7.52499E+13,7.64584E+13,8.13953E+13,8.65427E+13,8.77774E+13,8.52727E+13
Samoa,125766269.8,125597205.4,132303041.4,133122897.2,221098106.5,224865731.4,249907868.8,285475591.9,269485244.2,255408060.3,258856139.8,266299591.5,281790134.2,333426188.4,407747565.1,476801793.2,499923757.8,573548459.8,641346191.7,628006115.4,680260907.2,744097050.2,773141661.2,797736334.3,796683519.6,824150498.7,843924796.7,884844384.5,878448433.4,912950466.1,868898358.3
Kosovo,,,,,,,,,,,,,,,,,,,5181776769,5015894693,5343950556,6341613610,6163484245,6735328610,7074394735,6295848423,6682677290,7180764703,7878759715,7899737577,7717145218
"Yemen, Rep.",12643821569,14665445462,17959367194,21736802664,28019483764,12796345679,6496163616,6838298531,6322175566,7639325296,9679316770,9852990693,10693430511,11777532662,13867634371,16731566717,19063143370,21650528674,26910855807,25130278213,30906749533,32726417878,35401331610,40415233436,43228585321,42444489522,31317824943,26842228829,21606160784,,
South Africa,1.26048E+11,1.35204E+11,1.46956E+11,1.47195E+11,1.53513E+11,1.71736E+11,1.63235E+11,1.68978E+11,1.52983E+11,1.51517E+11,1.51753E+11,1.3543E+11,1.29088E+11,1.97019E+11,2.55807E+11,2.88867E+11,3.03859E+11,3.33077E+11,3.16131E+11,3.29754E+11,4.17364E+11,4.58199E+11,4.34401E+11,4.00886E+11,3.81199E+11,3.4671E+11,3.23586E+11,3.81449E+11,4.05261E+11,3.8933E+11,3.38291E+11
Zambia,3285217391,3376791460,3181921788,3273505344,3656806166,3806983413,3597220962,4303288480,3537741942,3404284891,3600632111,4094441301,4193850445,4901869764,6221110219,8331870169,12756858899,14056957976,17910858638,15328342304,20265559484,23459515276,25503060420,28037239463,27141023558,21251216799,20958412538,25873601261,26311507274,23308667781,18110638269
Zimbabwe,8783816700,8641481700,6751472200,6563813300,6890675000,7111270700,8553146600,8529571600,6401968200,6858013100,6689957600,6777384700,6342116400,5727591800,5805598400,5755215200,5443896500,5291950100,4415702800,9665793300,12041655200,14101920300,17114849900,19091020000,19495519600,19963120600,20548678100,17584890937,34156069918,21832234921,21509698407
